Algorithm,Run,ValidationRMSE_scaled,TestRMSE_scaled,TestRMSE_orig_knots,TestMAE_orig_knots,TestR2,HiddenUnits,Dropout,LearningRate,BatchSize,WeightDecay,RuntimeSeconds
CCO,1,0.142110252221145,0.1546729081910063,4.664934896064701,3.705073200646462,0.1013281722106684,96,0.0,0.0099932122688796,8,9.971373204186361e-08,11726.134224414824
GA,1,0.1424930871899593,0.160943698161813,4.854061913058744,3.797054790533088,0.0269826687045847,56,0.1694,0.0067073487227291,8,1.0929185290565712e-08,11021.294570207596
PSO,1,0.1422574633505538,0.1542081222175652,4.650916959597255,3.65352180659363,0.1067210007697159,56,0.0946,0.0092261064356072,8,6.327940908325788e-08,17215.84675168991
CCO,2,0.1414313497149012,0.1594892445381072,4.810195606700122,3.7841485457619792,0.0444895793210463,120,0.0733,0.0095116817893006,8,1.7036130443798753e-08,14789.04499053955
GA,2,0.1461457145697202,0.1581943185562209,4.771140649346511,3.775161262541216,0.0599425579147011,64,0.0085,0.008453398997695,32,1.4465640405106614e-05,2554.820219516754
PSO,2,0.1412888276620125,0.1569976063295473,4.735047797980351,3.728553431434777,0.0741115045797206,64,0.0352,0.0079670720748611,8,3.5781137378420825e-08,15993.936841726303
CCO,3,0.1415054433774372,0.1554771783260753,4.689191699248781,3.711123270506188,0.0919580175182334,104,0.0405,0.0080807516378291,8,4.29591583111676e-08,13012.808834791183
GA,3,0.1416343468595138,0.1570188627580832,4.735688888943444,3.732273969962117,0.0738607704981694,88,0.0169,0.0092144504351189,8,3.485058878663032e-07,6849.808359622955
PSO,3,0.1425933797611416,0.1570228843550172,4.73581018661305,3.7147736031129774,0.0738133265162709,64,0.0336,0.0097606610512987,16,7.382225753331587e-07,11970.863810777664
