Function,FunctionName,Run,Algorithm,BestFitness,RuntimeSeconds
1,Sphere,1,GA,2034.777424660065,0.47570323944091797
1,Sphere,1,PSO,208.9735535249582,0.13833022117614746
1,Sphere,1,CCO,3.7796049244662263e-222,0.8129949569702148
1,Sphere,2,GA,1566.0114570511817,0.41786956787109375
1,Sphere,2,PSO,56.24831000582238,0.13091397285461426
1,Sphere,2,CCO,1.9111522394896437e-229,0.8486294746398926
1,Sphere,3,GA,2044.0046751376433,0.48136115074157715
1,Sphere,3,PSO,73.4780500846663,0.14957714080810547
1,Sphere,3,CCO,9.588913554427021e-265,0.7601549625396729
1,Sphere,4,GA,2101.953912763142,0.4448568820953369
1,Sphere,4,PSO,252.52036465889407,0.14552593231201172
1,Sphere,4,CCO,8.722648281457526e-219,0.7885613441467285
1,Sphere,5,GA,1902.0194243771296,0.42172718048095703
1,Sphere,5,PSO,38.357554633091965,0.13391923904418945
1,Sphere,5,CCO,1.0150598533798214e-243,0.7837934494018555
1,Sphere,6,GA,1661.6545709351535,0.43256354331970215
1,Sphere,6,PSO,156.49748739895102,0.14768433570861816
1,Sphere,6,CCO,1.6307077196621406e-230,1.1380505561828613
1,Sphere,7,GA,2065.526414788067,0.6676244735717773
1,Sphere,7,PSO,121.59089532816522,0.19886493682861328
1,Sphere,7,CCO,2.377776998270439e-238,1.2044446468353271
1,Sphere,8,GA,1494.4728591143837,0.461653470993042
1,Sphere,8,PSO,124.37002839982644,0.138031005859375
1,Sphere,8,CCO,3.1363704709253294e-219,0.7718014717102051
1,Sphere,9,GA,1451.7412912250375,0.41384029388427734
1,Sphere,9,PSO,81.57570077631163,0.13262557983398438
1,Sphere,9,CCO,2.0488290590538885e-226,0.774000883102417
1,Sphere,10,GA,1979.3192109047545,0.43071913719177246
1,Sphere,10,PSO,67.6282914436526,0.13786911964416504
1,Sphere,10,CCO,3.859404528202538e-244,0.7666587829589844
2,Schwefel 2.22,1,GA,21.136107589309066,0.4814467430114746
2,Schwefel 2.22,1,PSO,6.08768889741118,0.1817939281463623
2,Schwefel 2.22,1,CCO,5.934276954316191e-118,0.832427978515625
2,Schwefel 2.22,2,GA,23.579966452482406,0.4655020236968994
2,Schwefel 2.22,2,PSO,3.4979933917827415,0.18497014045715332
2,Schwefel 2.22,2,CCO,2.9561062048734086e-121,0.800243616104126
2,Schwefel 2.22,3,GA,22.321349753673147,0.4997553825378418
2,Schwefel 2.22,3,PSO,4.887969738367859,0.1775352954864502
2,Schwefel 2.22,3,CCO,1.2554794452477151e-117,0.7952790260314941
2,Schwefel 2.22,4,GA,21.681641368997077,0.4457437992095947
2,Schwefel 2.22,4,PSO,9.42642346979158,0.17980670928955078
2,Schwefel 2.22,4,CCO,1.2956899195884283e-112,0.8368022441864014
2,Schwefel 2.22,5,GA,23.633439420430562,0.7607810497283936
2,Schwefel 2.22,5,PSO,4.804291997077302,0.2623429298400879
2,Schwefel 2.22,5,CCO,2.467724915523661e-109,1.274888038635254
2,Schwefel 2.22,6,GA,19.778099960062494,0.7223846912384033
2,Schwefel 2.22,6,PSO,4.094089211645558,0.18617582321166992
2,Schwefel 2.22,6,CCO,2.158778559573911e-121,0.8265998363494873
2,Schwefel 2.22,7,GA,20.980191666344858,0.4807724952697754
2,Schwefel 2.22,7,PSO,9.69500993438072,0.177903413772583
2,Schwefel 2.22,7,CCO,1.3018270652064663e-119,0.8083562850952148
2,Schwefel 2.22,8,GA,24.76928342261914,0.48814988136291504
2,Schwefel 2.22,8,PSO,7.181007093457919,0.18438315391540527
2,Schwefel 2.22,8,CCO,5.417945322949714e-126,0.8123364448547363
2,Schwefel 2.22,9,GA,25.863698079933194,0.45008063316345215
2,Schwefel 2.22,9,PSO,3.1947583748350525,0.17617177963256836
2,Schwefel 2.22,9,CCO,5.142642980215143e-110,0.803828239440918
2,Schwefel 2.22,10,GA,24.450524729513948,0.45531177520751953
2,Schwefel 2.22,10,PSO,6.687754582774295,0.1864032745361328
2,Schwefel 2.22,10,CCO,1.1801538606632403e-120,0.7905945777893066
3,Schwefel 1.2,1,GA,15613.009485316978,2.035964012145996
3,Schwefel 1.2,1,PSO,9793.19788653828,2.2189431190490723
3,Schwefel 1.2,1,CCO,1.338933656940159e-245,3.1434528827667236
3,Schwefel 1.2,2,GA,14946.855841096929,2.0659334659576416
3,Schwefel 1.2,2,PSO,10541.948577428939,1.7445940971374512
3,Schwefel 1.2,2,CCO,1.1529720868385985e-273,2.48214054107666
3,Schwefel 1.2,3,GA,10980.429113580196,2.0198936462402344
3,Schwefel 1.2,3,PSO,13971.021902111379,2.8029074668884277
3,Schwefel 1.2,3,CCO,3.643301266886218e-234,2.6615371704101562
3,Schwefel 1.2,4,GA,19135.87815611872,1.986476182937622
3,Schwefel 1.2,4,PSO,13230.11793817689,2.4782235622406006
3,Schwefel 1.2,4,CCO,2.1467323447380946e-214,2.4680495262145996
3,Schwefel 1.2,5,GA,17285.11665638161,2.831054210662842
3,Schwefel 1.2,5,PSO,11737.989133073823,2.9812731742858887
3,Schwefel 1.2,5,CCO,7.226223985723897e-228,3.214754819869995
3,Schwefel 1.2,6,GA,16044.825269063047,2.007352113723755
3,Schwefel 1.2,6,PSO,10706.477078451991,1.7238256931304932
3,Schwefel 1.2,6,CCO,5.111266127395299e-233,3.4428369998931885
3,Schwefel 1.2,7,GA,20800.021048526465,2.338175058364868
3,Schwefel 1.2,7,PSO,12139.202663543681,1.7394802570343018
3,Schwefel 1.2,7,CCO,1.244810823159653e-204,2.4542791843414307
3,Schwefel 1.2,8,GA,16158.43145024449,1.9870824813842773
3,Schwefel 1.2,8,PSO,10441.96610549946,1.743302345275879
3,Schwefel 1.2,8,CCO,2.4519758485244196e-257,3.6288483142852783
3,Schwefel 1.2,9,GA,14923.521168377185,1.9966614246368408
3,Schwefel 1.2,9,PSO,11538.425818655101,1.7773704528808594
3,Schwefel 1.2,9,CCO,2.0399470474944646e-254,2.4430205821990967
3,Schwefel 1.2,10,GA,12798.274418909088,1.9847021102905273
3,Schwefel 1.2,10,PSO,6832.853070205757,1.8455085754394531
3,Schwefel 1.2,10,CCO,1.1668308279215433e-217,3.592888593673706
4,Schwefel 2.21,1,GA,15.285777054921585,0.42634010314941406
4,Schwefel 2.21,1,PSO,19.834648609303038,0.13799405097961426
4,Schwefel 2.21,1,CCO,1.3518405003843062e-123,0.7644021511077881
4,Schwefel 2.21,2,GA,16.106160309469686,0.43584632873535156
4,Schwefel 2.21,2,PSO,27.62478540220469,0.14973783493041992
4,Schwefel 2.21,2,CCO,2.8087211288203816e-123,0.759951114654541
4,Schwefel 2.21,3,GA,14.992438141036697,0.4353001117706299
4,Schwefel 2.21,3,PSO,22.10251786069654,0.1315929889678955
4,Schwefel 2.21,3,CCO,1.2035812442139958e-121,0.7802004814147949
4,Schwefel 2.21,4,GA,16.093332467450672,0.4179365634918213
4,Schwefel 2.21,4,PSO,24.02645644122448,0.14671707153320312
4,Schwefel 2.21,4,CCO,4.751530338607082e-121,0.7585616111755371
4,Schwefel 2.21,5,GA,16.677199567620118,0.41593050956726074
4,Schwefel 2.21,5,PSO,17.69778721076793,0.13012456893920898
4,Schwefel 2.21,5,CCO,3.2302424577326006e-114,0.7779886722564697
4,Schwefel 2.21,6,GA,15.182124314931487,0.43700075149536133
4,Schwefel 2.21,6,PSO,17.860783865132174,0.13507533073425293
4,Schwefel 2.21,6,CCO,3.321660402606107e-113,0.7517073154449463
4,Schwefel 2.21,7,GA,15.157458942823402,0.4362978935241699
4,Schwefel 2.21,7,PSO,26.468040151626383,0.1322319507598877
4,Schwefel 2.21,7,CCO,2.603156302037089e-128,0.8920366764068604
4,Schwefel 2.21,8,GA,15.23681207960152,0.686572790145874
4,Schwefel 2.21,8,PSO,19.763699929498483,0.2035694122314453
4,Schwefel 2.21,8,CCO,5.453115505208872e-112,1.2010483741760254
4,Schwefel 2.21,9,GA,15.904167726857214,0.6609945297241211
4,Schwefel 2.21,9,PSO,27.066030011696093,0.14580845832824707
4,Schwefel 2.21,9,CCO,1.821652032525627e-125,0.7546989917755127
4,Schwefel 2.21,10,GA,14.6744424351751,0.43486666679382324
4,Schwefel 2.21,10,PSO,19.72513167753638,0.13781213760375977
4,Schwefel 2.21,10,CCO,2.6426167606797847e-110,0.7687549591064453
5,Rosenbrock,1,GA,193427.85028336284,0.4974517822265625
5,Rosenbrock,1,PSO,25118.83662641179,0.20331144332885742
5,Rosenbrock,1,CCO,45.59682560593342,0.8162877559661865
5,Rosenbrock,2,GA,169262.2962186023,0.49275660514831543
5,Rosenbrock,2,PSO,6064.764989249763,0.1968364715576172
5,Rosenbrock,2,CCO,45.513792512990996,0.8279507160186768
5,Rosenbrock,3,GA,180180.3836111956,0.4751601219177246
5,Rosenbrock,3,PSO,19123.265855077832,0.2019946575164795
5,Rosenbrock,3,CCO,46.43345689453268,0.8409135341644287
5,Rosenbrock,4,GA,212817.0232997557,0.47797513008117676
5,Rosenbrock,4,PSO,47800.46402802406,0.23764657974243164
5,Rosenbrock,4,CCO,45.78221323344551,0.8200705051422119
5,Rosenbrock,5,GA,100238.97369810028,0.48909687995910645
5,Rosenbrock,5,PSO,12122.118131397803,0.1975700855255127
5,Rosenbrock,5,CCO,45.84937788639524,0.8239507675170898
5,Rosenbrock,6,GA,160624.97435421174,0.7940263748168945
5,Rosenbrock,6,PSO,3661.476251920759,0.31380486488342285
5,Rosenbrock,6,CCO,45.67615447915316,1.3141875267028809
5,Rosenbrock,7,GA,165867.40896004456,0.7795066833496094
5,Rosenbrock,7,PSO,20754.91933050459,0.2031116485595703
5,Rosenbrock,7,CCO,45.85279114189067,0.8538491725921631
5,Rosenbrock,8,GA,311768.925275697,0.4877779483795166
5,Rosenbrock,8,PSO,6684.519507153146,0.21064519882202148
5,Rosenbrock,8,CCO,45.678473358559,0.8192577362060547
5,Rosenbrock,9,GA,185314.13032246233,0.4915740489959717
5,Rosenbrock,9,PSO,5073.220621504668,0.20328617095947266
5,Rosenbrock,9,CCO,45.946277150504685,0.8215882778167725
5,Rosenbrock,10,GA,182510.9109852717,0.4846916198730469
5,Rosenbrock,10,PSO,9707.922492738582,0.19736170768737793
5,Rosenbrock,10,CCO,44.83149361655052,0.8381941318511963
6,Step,1,GA,2076.0,0.46811366081237793
6,Step,1,PSO,248.0,0.16393280029296875
6,Step,1,CCO,0.0,0.8417990207672119
6,Step,2,GA,1723.0,0.44074463844299316
6,Step,2,PSO,108.0,0.15974998474121094
6,Step,2,CCO,0.0,0.867302656173706
6,Step,3,GA,1572.0,0.4608194828033447
6,Step,3,PSO,248.0,0.16718387603759766
6,Step,3,CCO,0.0,0.974982500076294
6,Step,4,GA,1748.0,0.704913854598999
6,Step,4,PSO,170.0,0.24688482284545898
6,Step,4,CCO,0.0,1.3860938549041748
6,Step,5,GA,1849.0,0.5761480331420898
6,Step,5,PSO,246.0,0.17964458465576172
6,Step,5,CCO,0.0,0.8254241943359375
6,Step,6,GA,1860.0,0.5102534294128418
6,Step,6,PSO,78.0,0.15831732749938965
6,Step,6,CCO,0.0,0.838263988494873
6,Step,7,GA,1958.0,0.4370155334472656
6,Step,7,PSO,198.0,0.16506075859069824
6,Step,7,CCO,0.0,0.8728272914886475
6,Step,8,GA,2231.0,0.45792603492736816
6,Step,8,PSO,157.0,0.16304969787597656
6,Step,8,CCO,0.0,0.8406336307525635
6,Step,9,GA,1831.0,0.446976900100708
6,Step,9,PSO,249.0,0.1606132984161377
6,Step,9,CCO,0.0,0.8508412837982178
6,Step,10,GA,1714.0,0.4410684108734131
6,Step,10,PSO,535.0,0.1762704849243164
6,Step,10,CCO,0.0,0.8651847839355469
7,Quartic,1,GA,0.10814235700263276,0.5170993804931641
7,Quartic,1,PSO,0.0004151247021605976,0.18946480751037598
7,Quartic,1,CCO,0.0,0.9611039161682129
7,Quartic,2,GA,0.17932297988392537,0.7558789253234863
7,Quartic,2,PSO,0.0020179081043662896,0.2846071720123291
7,Quartic,2,CCO,0.0,1.3446393013000488
7,Quartic,3,GA,0.13914779006796058,0.6548576354980469
7,Quartic,3,PSO,0.001912105419054113,0.1854567527770996
7,Quartic,3,CCO,0.0,0.8396909236907959
7,Quartic,4,GA,0.19289187220566076,0.4688405990600586
7,Quartic,4,PSO,0.00014946308291768348,0.18978452682495117
7,Quartic,4,CCO,0.0,0.852881908416748
7,Quartic,5,GA,0.11719125699143207,0.49101901054382324
7,Quartic,5,PSO,0.0015053775511211247,0.18499374389648438
7,Quartic,5,CCO,0.0,0.8371915817260742
7,Quartic,6,GA,0.12339968383812136,0.4629793167114258
7,Quartic,6,PSO,0.008090213542043456,0.18753385543823242
7,Quartic,6,CCO,0.0,0.8424439430236816
7,Quartic,7,GA,0.1333958154539104,0.493560791015625
7,Quartic,7,PSO,0.008663471839735943,0.18224167823791504
7,Quartic,7,CCO,0.0,0.8495242595672607
7,Quartic,8,GA,0.11704716197864636,0.46839094161987305
7,Quartic,8,PSO,0.0072117177161667104,0.18231439590454102
7,Quartic,8,CCO,0.0,0.8333709239959717
7,Quartic,9,GA,0.07734252388599021,0.4725198745727539
7,Quartic,9,PSO,0.0013491356094010537,0.19910979270935059
7,Quartic,9,CCO,0.0,1.0205590724945068
7,Quartic,10,GA,0.11194450932573746,0.7462961673736572
7,Quartic,10,PSO,0.0034574697581604063,0.28023362159729004
7,Quartic,10,CCO,0.0,1.413330078125
8,Schwefel,1,GA,-8963.484675790736,0.5109238624572754
8,Schwefel,1,PSO,-10987.92315121167,0.2038865089416504
8,Schwefel,1,CCO,-10123.289498046553,0.8537664413452148
8,Schwefel,2,GA,-9344.070236109033,0.4945797920227051
8,Schwefel,2,PSO,-10810.394143529624,0.19529485702514648
8,Schwefel,2,CCO,-9087.074145802026,0.8592996597290039
8,Schwefel,3,GA,-7383.6094416385085,0.47605133056640625
8,Schwefel,3,PSO,-11268.192518403122,0.2039339542388916
8,Schwefel,3,CCO,-8709.065177760685,0.868950605392456
8,Schwefel,4,GA,-8999.789030429562,0.5112395286560059
8,Schwefel,4,PSO,-9479.199254784593,0.20416021347045898
8,Schwefel,4,CCO,-9866.882601707839,0.8953733444213867
8,Schwefel,5,GA,-7234.354990772525,0.47454404830932617
8,Schwefel,5,PSO,-11949.090661592192,0.20737528800964355
8,Schwefel,5,CCO,-9679.964006117756,0.8572287559509277
8,Schwefel,6,GA,-9950.948977758984,0.5061099529266357
8,Schwefel,6,PSO,-11611.067734481921,0.1901247501373291
8,Schwefel,6,CCO,-9288.362638221191,0.8907289505004883
8,Schwefel,7,GA,-7315.884216077574,0.469576358795166
8,Schwefel,7,PSO,-9752.756345947717,0.22529363632202148
8,Schwefel,7,CCO,-8034.769195138955,1.372866153717041
8,Schwefel,8,GA,-9035.817147432772,0.7722885608673096
8,Schwefel,8,PSO,-10015.777309394247,0.2870659828186035
8,Schwefel,8,CCO,-9322.321528634106,1.0629932880401611
8,Schwefel,9,GA,-8556.033022067324,0.49512529373168945
8,Schwefel,9,PSO,-11451.297145420316,0.20953607559204102
8,Schwefel,9,CCO,-9858.955504847088,0.8470711708068848
8,Schwefel,10,GA,-8366.776931581733,0.5203008651733398
8,Schwefel,10,PSO,-11779.258865675634,0.20594429969787598
8,Schwefel,10,CCO,-10170.893757951799,0.8774082660675049
9,Rastrigin,1,GA,294.06688531666464,0.49213194847106934
9,Rastrigin,1,PSO,181.68435192008735,0.21129345893859863
9,Rastrigin,1,CCO,0.0,0.9061579704284668
9,Rastrigin,2,GA,282.7162857852154,0.4992060661315918
9,Rastrigin,2,PSO,96.52386928753322,0.19484829902648926
9,Rastrigin,2,CCO,0.0,0.897977352142334
9,Rastrigin,3,GA,290.25897159810734,0.4771568775177002
9,Rastrigin,3,PSO,136.0766346249593,0.21724271774291992
9,Rastrigin,3,CCO,0.0,0.8926920890808105
9,Rastrigin,4,GA,263.3537211579902,0.4749133586883545
9,Rastrigin,4,PSO,123.98659380445281,0.19255900382995605
9,Rastrigin,4,CCO,0.0,0.9599566459655762
9,Rastrigin,5,GA,347.2361583597464,0.786156415939331
9,Rastrigin,5,PSO,113.83044901839321,0.302126407623291
9,Rastrigin,5,CCO,0.0,1.4678750038146973
9,Rastrigin,6,GA,263.2819891770879,0.6214959621429443
9,Rastrigin,6,PSO,109.09909735632522,0.19649529457092285
9,Rastrigin,6,CCO,0.0,0.9017922878265381
9,Rastrigin,7,GA,267.99629214699047,0.4934844970703125
9,Rastrigin,7,PSO,123.06494532489728,0.19602060317993164
9,Rastrigin,7,CCO,0.0,0.8803615570068359
9,Rastrigin,8,GA,306.3372628984971,0.4905681610107422
9,Rastrigin,8,PSO,132.60336079191302,0.19061541557312012
9,Rastrigin,8,CCO,0.0,0.9044592380523682
9,Rastrigin,9,GA,327.73740998135395,0.49330735206604004
9,Rastrigin,9,PSO,123.91394768681994,0.20342755317687988
9,Rastrigin,9,CCO,0.0,0.8761634826660156
9,Rastrigin,10,GA,302.2912523622963,0.4801979064941406
9,Rastrigin,10,PSO,116.9688245214333,0.1949474811553955
9,Rastrigin,10,CCO,0.0,0.8943543434143066
10,Ackley,1,GA,7.340458415493998,0.5462305545806885
10,Ackley,1,PSO,3.957110474264667,0.23034310340881348
10,Ackley,1,CCO,4.440892098500626e-16,0.9198057651519775
10,Ackley,2,GA,8.229235199500492,0.5181431770324707
10,Ackley,2,PSO,4.479874063337444,0.40163755416870117
10,Ackley,2,CCO,4.440892098500626e-16,1.4913341999053955
10,Ackley,3,GA,8.265724151651964,0.9222915172576904
10,Ackley,3,PSO,4.381278524527254,0.32431817054748535
10,Ackley,3,CCO,4.440892098500626e-16,1.0144627094268799
10,Ackley,4,GA,8.737794368633994,0.5817394256591797
10,Ackley,4,PSO,3.7724977366303816,0.2483224868774414
10,Ackley,4,CCO,4.440892098500626e-16,0.962557315826416
10,Ackley,5,GA,8.65310768526,0.5271131992340088
10,Ackley,5,PSO,4.100352506726871,0.2495882511138916
10,Ackley,5,CCO,4.440892098500626e-16,0.9384124279022217
10,Ackley,6,GA,8.033650096219796,0.570775032043457
10,Ackley,6,PSO,3.4685204318242993,0.24439382553100586
10,Ackley,6,CCO,4.440892098500626e-16,0.9283962249755859
10,Ackley,7,GA,8.44230870712752,0.5501735210418701
10,Ackley,7,PSO,4.68909442635896,0.24043512344360352
10,Ackley,7,CCO,4.440892098500626e-16,0.9302458763122559
10,Ackley,8,GA,8.297131872877651,0.5224461555480957
10,Ackley,8,PSO,4.8453328324802705,0.25028467178344727
10,Ackley,8,CCO,4.440892098500626e-16,0.9472815990447998
10,Ackley,9,GA,8.149068648673753,0.7773628234863281
10,Ackley,9,PSO,3.9854101068943604,0.37599825859069824
10,Ackley,9,CCO,4.440892098500626e-16,1.545851230621338
10,Ackley,10,GA,7.920347988974255,0.7278690338134766
10,Ackley,10,PSO,4.587148587902792,0.24945855140686035
10,Ackley,10,CCO,4.440892098500626e-16,0.9581413269042969
11,Griewank,1,GA,17.595057108377354,0.5436415672302246
11,Griewank,1,PSO,2.423481252786847,0.2468280792236328
11,Griewank,1,CCO,0.0,0.9183874130249023
11,Griewank,2,GA,18.563737496995426,0.527916431427002
11,Griewank,2,PSO,2.6787122157145022,0.22063279151916504
11,Griewank,2,CCO,0.0,0.933204174041748
11,Griewank,3,GA,15.87169569705328,0.5167224407196045
11,Griewank,3,PSO,2.8975808887400696,0.22386670112609863
11,Griewank,3,CCO,0.0,0.9154527187347412
11,Griewank,4,GA,23.119139262346863,0.49793076515197754
11,Griewank,4,PSO,1.6117479597880646,0.2168726921081543
11,Griewank,4,CCO,0.0,0.9476974010467529
11,Griewank,5,GA,13.952865041721752,0.5334663391113281
11,Griewank,5,PSO,2.317499982651259,0.22160840034484863
11,Griewank,5,CCO,0.0,0.9357664585113525
11,Griewank,6,GA,17.91827140637105,0.7828190326690674
11,Griewank,6,PSO,1.6186141511967358,0.33962345123291016
11,Griewank,6,CCO,0.0,1.479459285736084
11,Griewank,7,GA,21.252593445944783,0.7421643733978271
11,Griewank,7,PSO,4.275939074353275,0.2378401756286621
11,Griewank,7,CCO,0.0,1.0618889331817627
11,Griewank,8,GA,13.95158601650951,1.6266334056854248
11,Griewank,8,PSO,3.5969802989880746,0.457244873046875
11,Griewank,8,CCO,0.0,2.2674388885498047
11,Griewank,9,GA,20.142383889992345,1.054396152496338
11,Griewank,9,PSO,2.8243256594690624,0.23690319061279297
11,Griewank,9,CCO,0.0,0.8895528316497803
11,Griewank,10,GA,12.658669708741233,0.5223078727722168
11,Griewank,10,PSO,1.7447736538039953,0.21812891960144043
11,Griewank,10,CCO,0.0,0.9420373439788818
12,Penalized 1,1,GA,9.38697113052243,1.1638374328613281
12,Penalized 1,1,PSO,8.70517253065555,0.8431658744812012
12,Penalized 1,1,CCO,1.6667094745271783e-22,1.7171616554260254
12,Penalized 1,2,GA,13.441448727207101,0.7792091369628906
12,Penalized 1,2,PSO,4.454523476923682,0.5086700916290283
12,Penalized 1,2,CCO,3.5289593831933684e-21,1.1540069580078125
12,Penalized 1,3,GA,15.005050230052369,0.7753100395202637
12,Penalized 1,3,PSO,9.532915923476754,0.47220849990844727
12,Penalized 1,3,CCO,7.397414340932507e-23,1.1786541938781738
12,Penalized 1,4,GA,13.47761443569651,0.8142902851104736
12,Penalized 1,4,PSO,5.850973218990018,0.4817013740539551
12,Penalized 1,4,CCO,1.5581626550433243e-21,1.1577694416046143
12,Penalized 1,5,GA,10.179458960856598,0.7665591239929199
12,Penalized 1,5,PSO,7.05258582392544,0.4864819049835205
12,Penalized 1,5,CCO,3.512855239691066e-24,1.3417689800262451
12,Penalized 1,6,GA,18.526064397762394,1.3023295402526855
12,Penalized 1,6,PSO,13.929564888846397,0.8442103862762451
12,Penalized 1,6,CCO,1.0778338127020505e-21,1.3259015083312988
12,Penalized 1,7,GA,16.200807791157306,0.7756996154785156
12,Penalized 1,7,PSO,7.022571803902402,0.4710850715637207
12,Penalized 1,7,CCO,7.715554008878394e-24,1.168482780456543
12,Penalized 1,8,GA,16.481860961685264,0.7596218585968018
12,Penalized 1,8,PSO,6.51183914936381,0.4945244789123535
12,Penalized 1,8,CCO,2.787828036748098e-21,1.170248031616211
12,Penalized 1,9,GA,13.400072105286577,0.794870138168335
12,Penalized 1,9,PSO,8.853125164766869,0.4791858196258545
12,Penalized 1,9,CCO,1.1331416081161909e-22,1.135629653930664
12,Penalized 1,10,GA,16.860443405675205,0.7938573360443115
12,Penalized 1,10,PSO,8.945464678950785,0.4877476692199707
12,Penalized 1,10,CCO,2.2285298562300214e-21,1.6267225742340088
13,Penalized 2,1,GA,72.9267586856693,1.2726504802703857
13,Penalized 2,1,PSO,79.96581076064878,0.6909050941467285
13,Penalized 2,1,CCO,3.565000774578402e-20,1.1555049419403076
13,Penalized 2,2,GA,123.89598901473708,0.7642383575439453
13,Penalized 2,2,PSO,178.4782627983209,0.4526054859161377
13,Penalized 2,2,CCO,1.410842944047486e-21,1.1517112255096436
13,Penalized 2,3,GA,82.19022634028967,0.7465643882751465
13,Penalized 2,3,PSO,89.3050745164061,0.4756014347076416
13,Penalized 2,3,CCO,1.6868658354504833e-20,1.142526626586914
13,Penalized 2,4,GA,70.7805184893453,0.7567877769470215
13,Penalized 2,4,PSO,89.75532002660873,0.4691030979156494
13,Penalized 2,4,CCO,8.498575296694166e-20,1.1179208755493164
13,Penalized 2,5,GA,70.84465697004862,0.744145393371582
13,Penalized 2,5,PSO,91.19985652922642,0.4776320457458496
13,Penalized 2,5,CCO,3.4190006911753556e-21,1.588390827178955
13,Penalized 2,6,GA,100.90185148202842,1.262218713760376
13,Penalized 2,6,PSO,62.18400103521766,0.6480593681335449
13,Penalized 2,6,CCO,6.218349809516984e-20,1.1383404731750488
13,Penalized 2,7,GA,100.4701895126192,0.7616391181945801
13,Penalized 2,7,PSO,112.39032820977728,0.4477047920227051
13,Penalized 2,7,CCO,5.9350480247084215e-21,1.133880615234375
13,Penalized 2,8,GA,92.2108952763064,0.7414605617523193
13,Penalized 2,8,PSO,111.44082383262744,0.47037529945373535
13,Penalized 2,8,CCO,5.464779771495286e-22,1.1378586292266846
13,Penalized 2,9,GA,92.58499460365566,0.7341969013214111
13,Penalized 2,9,PSO,72.06662846852781,0.48410582542419434
13,Penalized 2,9,CCO,6.269143725916402e-23,1.1281681060791016
13,Penalized 2,10,GA,71.01752734496606,0.7578005790710449
13,Penalized 2,10,PSO,99.34489226600203,0.4538917541503906
13,Penalized 2,10,CCO,5.699047135073997e-21,1.6119253635406494
14,Foxholes,1,GA,0.9980038400763082,0.9045367240905762
14,Foxholes,1,PSO,0.9980038377944498,0.4751923084259033
14,Foxholes,1,CCO,0.9980038377944498,1.093496322631836
14,Foxholes,2,GA,0.9980038377945049,0.593848466873169
14,Foxholes,2,PSO,0.9980038377944498,0.27509570121765137
14,Foxholes,2,CCO,0.9980038377944498,0.9627156257629395
14,Foxholes,3,GA,0.998003837794456,0.5801663398742676
14,Foxholes,3,PSO,0.9980038377944498,0.28935790061950684
14,Foxholes,3,CCO,0.9980038377944498,0.9944655895233154
14,Foxholes,4,GA,0.9980038378487667,0.5913519859313965
14,Foxholes,4,PSO,0.9980038377944498,0.27498459815979004
14,Foxholes,4,CCO,0.9980038377944498,0.9690268039703369
14,Foxholes,5,GA,0.9980038378184809,0.6044752597808838
14,Foxholes,5,PSO,0.9980038377944498,0.5431880950927734
14,Foxholes,5,CCO,0.9980038377944498,1.305661678314209
14,Foxholes,6,GA,0.9980038377991196,0.8704235553741455
14,Foxholes,6,PSO,0.9980038377944498,0.28685688972473145
14,Foxholes,6,CCO,0.9980038377944498,1.4866383075714111
14,Foxholes,7,GA,0.9980038377951279,0.9253597259521484
14,Foxholes,7,PSO,0.9980038377944498,0.48930978775024414
14,Foxholes,7,CCO,0.9980038377944498,0.9704511165618896
14,Foxholes,8,GA,0.9980038378142694,0.5838932991027832
14,Foxholes,8,PSO,0.9980038377944498,0.26846861839294434
14,Foxholes,8,CCO,0.9980038377944498,0.933544397354126
14,Foxholes,9,GA,0.9980038377945055,0.5795910358428955
14,Foxholes,9,PSO,0.9980038377944498,0.273669958114624
14,Foxholes,9,CCO,0.9980038377944498,0.953535795211792
14,Foxholes,10,GA,0.9980038378325863,0.5594685077667236
14,Foxholes,10,PSO,0.9980038377944498,0.28286147117614746
14,Foxholes,10,CCO,0.9980038377944498,0.964238166809082
15,Kowalik,1,GA,0.001246335976875532,0.5553746223449707
15,Kowalik,1,PSO,0.0006433850641876427,0.24881482124328613
15,Kowalik,1,CCO,0.00030978498396382016,0.9190273284912109
15,Kowalik,2,GA,0.0008369827696406426,0.5543980598449707
15,Kowalik,2,PSO,0.0013790207969130693,0.24448156356811523
15,Kowalik,2,CCO,0.0003074949117617448,0.9487669467926025
15,Kowalik,3,GA,0.0019127477135664358,0.8740499019622803
15,Kowalik,3,PSO,0.000369162121735461,0.42065930366516113
15,Kowalik,3,CCO,0.00030751150201249706,1.4435439109802246
15,Kowalik,4,GA,0.0019123213604240875,0.712580680847168
15,Kowalik,4,PSO,0.0005025760686976816,0.24879145622253418
15,Kowalik,4,CCO,0.00030748712445667235,0.8877372741699219
15,Kowalik,5,GA,0.0008549636781727952,0.5529332160949707
15,Kowalik,5,PSO,0.0006578884731545558,0.2394266128540039
15,Kowalik,5,CCO,0.0003074862361714122,0.8904132843017578
15,Kowalik,6,GA,0.020405750374677723,0.540996789932251
15,Kowalik,6,PSO,0.0003176338364415806,0.2646617889404297
15,Kowalik,6,CCO,0.00030755791837317083,0.8739385604858398
15,Kowalik,7,GA,0.020602449745131538,0.5602490901947021
15,Kowalik,7,PSO,0.0007074136378592029,0.24484753608703613
15,Kowalik,7,CCO,0.0003119958509201319,0.8767647743225098
15,Kowalik,8,GA,0.020363343937345877,0.5528473854064941
15,Kowalik,8,PSO,0.00034986861356520903,0.2434675693511963
15,Kowalik,8,CCO,0.00030762582946363993,0.9014797210693359
15,Kowalik,9,GA,0.0008675751679398572,0.5285093784332275
15,Kowalik,9,PSO,0.00032638405362415697,0.24781537055969238
15,Kowalik,9,CCO,0.00030748788441416414,0.8803918361663818
15,Kowalik,10,GA,0.000654192128845266,0.7870814800262451
15,Kowalik,10,PSO,0.0012231736832631734,0.44904541969299316
15,Kowalik,10,CCO,0.00030791229240610636,1.4975104331970215
16,Six-Hump Camel,1,GA,-1.0316284515760317,0.5546832084655762
16,Six-Hump Camel,1,PSO,-1.0316284534898776,0.09338045120239258
16,Six-Hump Camel,1,CCO,-1.0316284534898779,0.7528302669525146
16,Six-Hump Camel,2,GA,-1.0316284224077017,0.3814678192138672
16,Six-Hump Camel,2,PSO,-1.0316284534898776,0.11161327362060547
16,Six-Hump Camel,2,CCO,-1.0316284534898779,0.6916005611419678
16,Six-Hump Camel,3,GA,-1.031628442884493,0.39738035202026367
16,Six-Hump Camel,3,PSO,-1.0316284534898776,0.09473490715026855
16,Six-Hump Camel,3,CCO,-1.0316284534898776,0.7102541923522949
16,Six-Hump Camel,4,GA,-1.0316282669871863,0.3955216407775879
16,Six-Hump Camel,4,PSO,-1.0316284534898776,0.10189223289489746
16,Six-Hump Camel,4,CCO,-1.0316284534898779,0.7243950366973877
16,Six-Hump Camel,5,GA,-1.0316284449019464,0.38495469093322754
16,Six-Hump Camel,5,PSO,-1.0316284534898776,0.09290409088134766
16,Six-Hump Camel,5,CCO,-1.0316284534898779,0.7092916965484619
16,Six-Hump Camel,6,GA,-1.031628077657808,0.38352441787719727
16,Six-Hump Camel,6,PSO,-1.0316284534898779,0.09000182151794434
16,Six-Hump Camel,6,CCO,-1.0316284534898776,0.7143323421478271
16,Six-Hump Camel,7,GA,-1.031628451153949,0.3766026496887207
16,Six-Hump Camel,7,PSO,-1.0316284534898776,0.09496569633483887
16,Six-Hump Camel,7,CCO,-1.0316284534898776,0.7055530548095703
16,Six-Hump Camel,8,GA,-1.0316284525604253,0.37503480911254883
16,Six-Hump Camel,8,PSO,-1.0316284534898776,0.09191346168518066
16,Six-Hump Camel,8,CCO,-1.0316284534898776,0.7092814445495605
16,Six-Hump Camel,9,GA,-1.0316284513439515,0.3954000473022461
16,Six-Hump Camel,9,PSO,-1.0316284534898779,0.10029268264770508
16,Six-Hump Camel,9,CCO,-1.0316284534898779,1.055649757385254
16,Six-Hump Camel,10,GA,-1.0316284533401778,0.6168043613433838
16,Six-Hump Camel,10,PSO,-1.0316284534898776,0.15996575355529785
16,Six-Hump Camel,10,CCO,-1.0316284534898779,1.2132058143615723
17,Branin,1,GA,0.39788739288386665,0.4602231979370117
17,Branin,1,PSO,0.39788735772973816,0.09815812110900879
17,Branin,1,CCO,0.39788735772973816,0.7487368583679199
17,Branin,2,GA,0.3978922962821798,0.38922548294067383
17,Branin,2,PSO,0.39788735772973816,0.09886646270751953
17,Branin,2,CCO,0.39788735772973816,0.7435369491577148
17,Branin,3,GA,0.39788736184625684,0.39622020721435547
17,Branin,3,PSO,0.39788735772973816,0.10240387916564941
17,Branin,3,CCO,0.39788735772973816,0.7370524406433105
17,Branin,4,GA,0.3978873577298465,0.410717248916626
17,Branin,4,PSO,0.39788735772973816,0.12042689323425293
17,Branin,4,CCO,0.39788735772973816,0.7404253482818604
17,Branin,5,GA,0.39788951610028,0.3997342586517334
17,Branin,5,PSO,0.39788735772973816,0.10223531723022461
17,Branin,5,CCO,0.39788735772973816,0.7213940620422363
17,Branin,6,GA,0.39788735772973816,0.4046778678894043
17,Branin,6,PSO,0.39788735772973816,0.10333514213562012
17,Branin,6,CCO,0.39788735772973816,0.7471296787261963
17,Branin,7,GA,0.39788773499254226,0.4054691791534424
17,Branin,7,PSO,0.39788735772973816,0.1016683578491211
17,Branin,7,CCO,0.39788735772973816,0.7434594631195068
17,Branin,8,GA,0.3978873578855886,0.39251089096069336
17,Branin,8,PSO,0.39788735772973816,0.1067042350769043
17,Branin,8,CCO,0.39788735772973816,0.7483956813812256
17,Branin,9,GA,0.39788740813092716,0.6109695434570312
17,Branin,9,PSO,0.39788735772973816,0.181884765625
17,Branin,9,CCO,0.39788735772973816,1.155245065689087
17,Branin,10,GA,0.3978939564621893,0.6609952449798584
17,Branin,10,PSO,0.39788735772973816,0.19287848472595215
17,Branin,10,CCO,0.39788735772973816,0.8314492702484131
18,Goldstein-Price,1,GA,3.0000215036849496,0.4435913562774658
18,Goldstein-Price,1,PSO,2.9999999999999223,0.12072539329528809
18,Goldstein-Price,1,CCO,2.9999999999999254,0.7650868892669678
18,Goldstein-Price,2,GA,3.0000000001120544,0.3981609344482422
18,Goldstein-Price,2,PSO,2.999999999999927,0.11546683311462402
18,Goldstein-Price,2,CCO,2.9999999999999254,0.7383260726928711
18,Goldstein-Price,3,GA,3.0000000022107756,0.40357446670532227
18,Goldstein-Price,3,PSO,2.9999999999999223,0.11677765846252441
18,Goldstein-Price,3,CCO,2.9999999999999254,0.7678823471069336
18,Goldstein-Price,4,GA,3.0000011349798172,0.45760607719421387
18,Goldstein-Price,4,PSO,2.999999999999927,0.11439800262451172
18,Goldstein-Price,4,CCO,2.9999999999999245,0.7270419597625732
18,Goldstein-Price,5,GA,3.000000943049806,0.4235527515411377
18,Goldstein-Price,5,PSO,2.9999999999999254,0.11533236503601074
18,Goldstein-Price,5,CCO,2.999999999999922,0.7509117126464844
18,Goldstein-Price,6,GA,2.999999999999969,0.40459394454956055
18,Goldstein-Price,6,PSO,2.999999999999933,0.11890482902526855
18,Goldstein-Price,6,CCO,2.999999999999925,0.7886414527893066
18,Goldstein-Price,7,GA,3.000000001947358,0.4067213535308838
18,Goldstein-Price,7,PSO,2.9999999999999254,0.12578463554382324
18,Goldstein-Price,7,CCO,2.9999999999999223,0.7569503784179688
18,Goldstein-Price,8,GA,3.0000163694916893,0.5063743591308594
18,Goldstein-Price,8,PSO,2.9999999999999223,0.20989680290222168
18,Goldstein-Price,8,CCO,2.9999999999999223,1.1562979221343994
18,Goldstein-Price,9,GA,3.000049372126948,0.6630146503448486
18,Goldstein-Price,9,PSO,2.9999999999999254,0.22620320320129395
18,Goldstein-Price,9,CCO,2.9999999999999236,0.956718921661377
18,Goldstein-Price,10,GA,3.000010428443495,0.4057283401489258
18,Goldstein-Price,10,PSO,2.999999999999923,0.12156844139099121
18,Goldstein-Price,10,CCO,2.999999999999922,0.746046781539917
19,Hartman 3,1,GA,-3.8627821477332427,0.5441405773162842
19,Hartman 3,1,PSO,-3.8627821478207554,0.26838064193725586
19,Hartman 3,1,CCO,-3.8627821478207554,0.9814438819885254
19,Hartman 3,2,GA,-3.8627821477666675,0.5519711971282959
19,Hartman 3,2,PSO,-3.8627821478207554,0.24189090728759766
19,Hartman 3,2,CCO,-3.8627821478207554,0.9258401393890381
19,Hartman 3,3,GA,-3.8627821456640006,0.567044734954834
19,Hartman 3,3,PSO,-3.862782147820756,0.24112296104431152
19,Hartman 3,3,CCO,-3.862782147820756,0.916558027267456
19,Hartman 3,4,GA,-3.8627821477400928,0.527130126953125
19,Hartman 3,4,PSO,-3.862782147820756,0.2526059150695801
19,Hartman 3,4,CCO,-3.8627821478207554,0.8998537063598633
19,Hartman 3,5,GA,-3.8627821461290885,0.5959455966949463
19,Hartman 3,5,PSO,-3.862782147820756,0.23602008819580078
19,Hartman 3,5,CCO,-3.8627821478207554,1.189279317855835
19,Hartman 3,6,GA,-3.862782146350261,0.8795680999755859
19,Hartman 3,6,PSO,-3.862782147820756,0.4305999279022217
19,Hartman 3,6,CCO,-3.862782147820756,1.292738914489746
19,Hartman 3,7,GA,-3.862782147785411,0.5249650478363037
19,Hartman 3,7,PSO,-3.862782147820756,0.24282264709472656
19,Hartman 3,7,CCO,-3.862782147820754,0.8901867866516113
19,Hartman 3,8,GA,-3.862782147793702,0.5442261695861816
19,Hartman 3,8,PSO,-3.862782147820756,0.23534345626831055
19,Hartman 3,8,CCO,-3.8627821478207554,0.9241786003112793
19,Hartman 3,9,GA,-3.8627821282641035,0.543691873550415
19,Hartman 3,9,PSO,-3.862782147820756,0.24074935913085938
19,Hartman 3,9,CCO,-3.862782147820756,0.9178719520568848
19,Hartman 3,10,GA,-3.8627821477596154,0.5373804569244385
19,Hartman 3,10,PSO,-3.8627821478207554,0.24655485153198242
19,Hartman 3,10,CCO,-3.862782147820755,0.9337625503540039
20,Hartman 6,1,GA,-3.32160966873357,0.5726664066314697
20,Hartman 6,1,PSO,-3.321618819475607,0.2704744338989258
20,Hartman 6,1,CCO,-3.321618819475607,0.9135682582855225
20,Hartman 6,2,GA,-3.3216117517044004,0.5854074954986572
20,Hartman 6,2,PSO,-3.3216188194756073,0.26630353927612305
20,Hartman 6,2,CCO,-3.321618819475607,1.3678617477416992
20,Hartman 6,3,GA,-3.321585146425637,0.8982486724853516
20,Hartman 6,3,PSO,-3.203111137430731,0.46096134185791016
20,Hartman 6,3,CCO,-3.321618819475602,1.0942201614379883
20,Hartman 6,4,GA,-3.3216142005511333,0.5634527206420898
20,Hartman 6,4,PSO,-3.203111137430731,0.2756974697113037
20,Hartman 6,4,CCO,-3.203111137430731,0.9372615814208984
20,Hartman 6,5,GA,-3.321611545914094,0.557729959487915
20,Hartman 6,5,PSO,-3.3216188194756073,0.2755773067474365
20,Hartman 6,5,CCO,-3.321618819475605,0.9448013305664062
20,Hartman 6,6,GA,-3.3216177361937365,0.5592479705810547
20,Hartman 6,6,PSO,-3.3216188194756073,0.2867918014526367
20,Hartman 6,6,CCO,-3.321618819475607,0.8997983932495117
20,Hartman 6,7,GA,-3.32161630641928,0.5837569236755371
20,Hartman 6,7,PSO,-3.321618819475607,0.26453137397766113
20,Hartman 6,7,CCO,-3.203111137430731,0.9542093276977539
20,Hartman 6,8,GA,-3.3216117156824243,0.5664894580841064
20,Hartman 6,8,PSO,-3.321618819475607,0.2658050060272217
20,Hartman 6,8,CCO,-3.32161878537389,0.9179210662841797
20,Hartman 6,9,GA,-3.321614343072873,0.617093563079834
20,Hartman 6,9,PSO,-3.321618819475607,0.45535755157470703
20,Hartman 6,9,CCO,-3.3108330173508986,1.488835096359253
20,Hartman 6,10,GA,-3.3216131379463354,0.9101090431213379
20,Hartman 6,10,PSO,-3.3216188194756073,0.27924036979675293
20,Hartman 6,10,CCO,-3.3216188194756033,0.9382979869842529
21,Shekel 5,1,GA,-10.153199659957364,0.7980127334594727
21,Shekel 5,1,PSO,-10.153199679058229,0.43014049530029297
21,Shekel 5,1,CCO,-10.153199679058229,1.1462583541870117
21,Shekel 5,2,GA,-2.682860393463729,0.7283523082733154
21,Shekel 5,2,PSO,-2.6304716684108937,0.46280646324157715
21,Shekel 5,2,CCO,-10.153199679058227,1.1449975967407227
21,Shekel 5,3,GA,-2.630470325097417,0.721653938293457
21,Shekel 5,3,PSO,-2.68286039569314,0.4492971897125244
21,Shekel 5,3,CCO,-10.153199679058229,1.1590204238891602
21,Shekel 5,4,GA,-2.6828603943326157,0.7338745594024658
21,Shekel 5,4,PSO,-10.153199679058229,0.4393327236175537
21,Shekel 5,4,CCO,-10.153199679058229,1.5545463562011719
21,Shekel 5,5,GA,-2.682859612551306,1.2200348377227783
21,Shekel 5,5,PSO,-2.6304716684108937,0.721656322479248
21,Shekel 5,5,CCO,-10.15319967905823,1.1676082611083984
21,Shekel 5,6,GA,-2.68286039498474,0.7314350605010986
21,Shekel 5,6,PSO,-2.6828603956931394,0.4651782512664795
21,Shekel 5,6,CCO,-10.153199679058227,1.1316311359405518
21,Shekel 5,7,GA,-2.682860381795866,0.7351787090301514
21,Shekel 5,7,PSO,-10.153199679058229,0.4313170909881592
21,Shekel 5,7,CCO,-10.153199679058229,1.1278777122497559
21,Shekel 5,8,GA,-10.15318367615256,0.7416238784790039
21,Shekel 5,8,PSO,-10.153199679058229,0.44213294982910156
21,Shekel 5,8,CCO,-10.153199679058229,1.120701789855957
21,Shekel 5,9,GA,-2.6304716386746687,0.7387359142303467
21,Shekel 5,9,PSO,-10.153199679058229,0.44498658180236816
21,Shekel 5,9,CCO,-10.153199679058229,1.5432419776916504
21,Shekel 5,10,GA,-2.630471658725895,1.2397911548614502
21,Shekel 5,10,PSO,-10.153199679058229,0.7851271629333496
21,Shekel 5,10,CCO,-10.153199679058229,1.1673922538757324
22,Shekel 7,1,GA,-3.7243003101155288,0.8669004440307617
22,Shekel 7,1,PSO,-2.7658973277790273,0.5286741256713867
22,Shekel 7,1,CCO,-10.402940566818662,1.2117259502410889
22,Shekel 7,2,GA,-10.4029399134868,0.8366246223449707
22,Shekel 7,2,PSO,-2.7658973277790273,0.546107292175293
22,Shekel 7,2,CCO,-10.402940566818662,1.2223007678985596
22,Shekel 7,3,GA,-10.402940437612308,0.8257205486297607
22,Shekel 7,3,PSO,-3.72410868470705,0.526421308517456
22,Shekel 7,3,CCO,-10.402940566818662,1.2205240726470947
22,Shekel 7,4,GA,-2.751932537040339,0.8416564464569092
22,Shekel 7,4,PSO,-10.402940566818664,0.8181376457214355
22,Shekel 7,4,CCO,-10.40294056681866,2.010313034057617
22,Shekel 7,5,GA,-10.40293781481419,0.985072135925293
22,Shekel 7,5,PSO,-10.402940566818664,0.5307176113128662
22,Shekel 7,5,CCO,-10.402940566818664,1.2399885654449463
22,Shekel 7,6,GA,-10.402936423957062,0.8339798450469971
22,Shekel 7,6,PSO,-10.402940566818664,0.5516881942749023
22,Shekel 7,6,CCO,-10.402940566818664,1.2568070888519287
22,Shekel 7,7,GA,-10.402940325162334,0.8309462070465088
22,Shekel 7,7,PSO,-10.402940566818664,0.5285537242889404
22,Shekel 7,7,CCO,-10.402940566818664,1.2142643928527832
22,Shekel 7,8,GA,-2.765897229362025,0.8345069885253906
22,Shekel 7,8,PSO,-2.7658973277790273,0.5421183109283447
22,Shekel 7,8,CCO,-10.40294056681866,1.4040005207061768
22,Shekel 7,9,GA,-3.7243003105516177,1.4076769351959229
22,Shekel 7,9,PSO,-10.402940566818664,0.935901403427124
22,Shekel 7,9,CCO,-10.402940566818662,1.314687967300415
22,Shekel 7,10,GA,-2.7519335524533273,0.8412356376647949
22,Shekel 7,10,PSO,-10.402940566818657,0.5477116107940674
22,Shekel 7,10,CCO,-10.402940566818666,1.2500462532043457
23,Shekel 10,1,GA,-2.427334953328016,0.9958982467651367
23,Shekel 10,1,PSO,-10.536409816691982,0.6965456008911133
23,Shekel 10,1,CCO,-10.536409816692045,1.3894407749176025
23,Shekel 10,2,GA,-10.536408699664948,0.9851775169372559
23,Shekel 10,2,PSO,-10.536409816692046,0.693063497543335
23,Shekel 10,2,CCO,-10.536409816692045,1.400052547454834
23,Shekel 10,3,GA,-10.536409462936234,1.6750829219818115
23,Shekel 10,3,PSO,-10.536409816692045,1.2373814582824707
23,Shekel 10,3,CCO,-10.536409816692046,1.3964991569519043
23,Shekel 10,4,GA,-10.536409462927663,0.9678223133087158
23,Shekel 10,4,PSO,-10.536409816692045,0.6655900478363037
23,Shekel 10,4,CCO,-5.128480786627455,1.4047365188598633
23,Shekel 10,5,GA,-3.8354267892407714,0.976276159286499
23,Shekel 10,5,PSO,-10.536409816692046,0.6665041446685791
23,Shekel 10,5,CCO,-10.536409816692046,1.3757801055908203
23,Shekel 10,6,GA,-2.421733370572439,0.9932904243469238
23,Shekel 10,6,PSO,-2.427335200074128,0.6996903419494629
23,Shekel 10,6,CCO,-10.536409816692045,1.7218477725982666
23,Shekel 10,7,GA,-3.835425575090352,1.625582218170166
23,Shekel 10,7,PSO,-2.871142705230041,0.8968057632446289
23,Shekel 10,7,CCO,-10.536409816692045,1.396958351135254
23,Shekel 10,8,GA,-3.8354267994114974,0.9683530330657959
23,Shekel 10,8,PSO,-10.536409816692045,0.6661410331726074
23,Shekel 10,8,CCO,-10.536409816692045,1.4015181064605713
23,Shekel 10,9,GA,-2.8711421311338814,0.9833087921142578
23,Shekel 10,9,PSO,-2.8066307208005044,0.6920883655548096
23,Shekel 10,9,CCO,-10.536409816692045,1.523749828338623
23,Shekel 10,10,GA,-10.53640927151142,1.0012872219085693
23,Shekel 10,10,PSO,-2.871142705230041,0.6838293075561523
23,Shekel 10,10,CCO,-10.536409816692046,2.1600890159606934
