Task,Country,Product,Run,Algorithm,ValidationRMSE,TestRMSE,TestMAE,TestMAPE,BaselineRMSE,ImprovementVsBaselinePercent,HiddenUnits,Dropout,LearningRate,BatchSize,RuntimeSeconds
Germany Wind,Germany,Wind,1,GA,2563.7164429788254,2440.104198594806,2019.292236328125,18.343271255493164,3414.7934051710945,28.543138366739726,128,0.2507,0.002358381228740104,16,247.88072276115417
Germany Wind,Germany,Wind,1,PSO,2522.6272019464154,2445.341796150387,1989.5399169921875,17.501384735107422,3414.7934051710945,28.389758734822617,136,0.077,0.0009502584414814253,16,327.26966881752014
Germany Wind,Germany,Wind,1,CCO,2547.682280034149,2540.355880580514,2101.761474609375,18.60616683959961,3414.7934051710945,25.607333177649952,144,0.0476,0.0005044257428922644,8,284.4771945476532
Germany Wind,Germany,Wind,2,GA,2558.939819534645,2495.1319604381647,2079.360107421875,18.775943756103516,3414.7934051710945,26.931686213879495,152,0.2033,0.0021801140746392144,32,231.63702702522278
Germany Wind,Germany,Wind,2,PSO,2566.377602770099,2428.9988678465866,1997.5816650390625,17.77939796447754,3414.7934051710945,28.86835074214734,96,0.3376,0.0026615511785781265,16,259.6717355251312
Germany Wind,Germany,Wind,2,CCO,2592.6645560118263,2566.955297624016,2123.129638671875,18.62560272216797,3414.7934051710945,24.82838658008356,56,0.45,0.01,8,176.89669466018677
Germany Wind,Germany,Wind,3,GA,2525.58478376791,2485.0698179326873,2069.573974609375,18.49521255493164,3414.7934051710945,27.226349501276033,160,0.3007,0.000923946358869069,16,248.68377709388733
Germany Wind,Germany,Wind,3,PSO,2526.8827634063277,2493.1078997909417,2076.939453125,18.821977615356445,3414.7934051710945,26.99095951117935,120,0.1947,0.0011394737008467357,16,297.18372797966003
Germany Wind,Germany,Wind,3,CCO,2527.29103982901,2515.0324053578315,2085.25537109375,18.871692657470703,3414.7934051710945,26.348914650319273,120,0.1347,0.001116418234075628,16,193.33955311775208
Germany Solar,Germany,Solar,1,GA,588.7543258864431,1222.7269216795712,1063.932373046875,27.99892807006836,1336.833198271198,8.535565748904933,88,0.0567,0.0023539479408992226,16,170.00558876991272
Germany Solar,Germany,Solar,1,PSO,621.6797055156296,1336.1751382210343,1130.2974853515625,32.51089859008789,1336.833198271198,0.049225292356190775,120,0.3786,0.002992774445108629,16,261.9003028869629
Germany Solar,Germany,Solar,1,CCO,616.0709425463922,1288.4587207202255,1081.11328125,24.012828826904297,1336.833198271198,3.618587390972234,136,0.266,0.004368289012849549,16,251.36883521080017
Germany Solar,Germany,Solar,2,GA,610.9351182818025,1706.9365102428385,1505.3187255859375,37.12635803222656,1336.833198271198,-27.685077872861086,120,0.1113,0.0046939349075472364,16,194.784117937088
Germany Solar,Germany,Solar,2,PSO,607.822291052245,1335.7171762764751,1147.5626220703125,33.63181686401367,1336.833198271198,0.08348251645501187,96,0.0236,0.005336441227369394,16,220.83520650863647
Germany Solar,Germany,Solar,2,CCO,601.9843747972201,1164.7527634652772,988.84814453125,33.21147537231445,1336.833198271198,12.872244273141657,152,0.0949,0.005992287049950101,32,210.9761221408844
Germany Solar,Germany,Solar,3,GA,637.719741540122,1018.7950296796702,879.1616821289062,25.570995330810547,1336.833198271198,23.790415214315217,120,0.3151,0.005991740884457462,32,174.14782977104187
Germany Solar,Germany,Solar,3,PSO,603.9648427267931,1152.2923348699321,940.0620727539062,27.519920349121094,1336.833198271198,13.80432978773383,96,0.0516,0.0032787275929351736,16,286.51220655441284
Germany Solar,Germany,Solar,3,CCO,592.7290696431212,1515.855781398745,1283.4398193359375,30.623367309570312,1336.833198271198,-13.391542292565767,48,0.1373,0.003629064277166168,16,171.13144278526306
Spain Wind,Spain,Wind,1,GA,895.9050940250312,1037.3143207340772,879.7572021484375,16.966415405273438,1236.719147583638,16.123695281921332,104,0.2617,0.0045923252679064405,8,195.20891547203064
Spain Wind,Spain,Wind,1,PSO,898.8414765685883,1025.9142873554301,850.5389404296875,16.678998947143555,1236.719147583638,17.045491746455827,80,0.3059,0.004720784871465771,8,199.79113483428955
Spain Wind,Spain,Wind,1,CCO,876.7455446137152,1015.8984016622923,825.5494384765625,16.12635040283203,1236.719147583638,17.8553672717687,72,0.4442,0.00805278848845805,16,145.00224804878235
Spain Wind,Spain,Wind,2,GA,892.7824833071044,1072.7944234567963,862.8442993164062,17.205398559570312,1236.719147583638,13.254806028282642,128,0.362,0.003083483730891069,8,244.7264862060547
Spain Wind,Spain,Wind,2,PSO,910.4695217304092,1048.086768831665,880.1472778320312,16.979877471923828,1236.719147583638,15.252644799794043,88,0.1109,0.007104549201136337,16,171.16895842552185
Spain Wind,Spain,Wind,2,CCO,882.3495268316292,1028.4366169093748,822.8961791992188,15.614899635314941,1236.719147583638,16.841538443163568,136,0.078,0.0032569748580060977,16,191.46002840995789
Spain Wind,Spain,Wind,3,GA,884.1196539496224,1012.7460503502347,817.6531372070312,15.842069625854492,1236.719147583638,18.110263568815352,136,0.3756,0.0059909728500963,16,200.81997084617615
Spain Wind,Spain,Wind,3,PSO,897.8740167751821,1039.5227871480258,843.9598388671875,16.04111671447754,1236.719147583638,15.945120670356243,80,0.1331,0.004146012368995762,16,157.74190735816956
Spain Wind,Spain,Wind,3,CCO,921.6915156385026,1008.284372089541,797.6063842773438,14.995305061340332,1236.719147583638,18.471030867470922,136,0.45,0.01,8,203.74216222763062
Spain Solar,Spain,Solar,1,GA,437.2338297467386,604.5888323894181,520.46728515625,13.130280494689941,882.1626479850527,31.465151718862813,152,0.433,0.0037509655917080916,32,226.6014814376831
Spain Solar,Spain,Solar,1,PSO,432.1584453357356,538.9716771315539,461.05712890625,10.863119125366211,882.1626479850527,38.90336681533515,120,0.2078,0.001740197858433125,16,270.67109179496765
Spain Solar,Spain,Solar,1,CCO,428.3476428381508,877.520120851938,732.8517456054688,20.143720626831055,882.1626479850527,0.5262665726914004,120,0.0776,0.0007229516489682995,8,245.55239725112915
Spain Solar,Spain,Solar,2,GA,467.5355935648108,1193.0959726694246,918.9254150390625,26.23659324645996,882.1626479850527,-35.24671163470529,128,0.2955,0.0015010608663789033,16,222.21196150779724
Spain Solar,Spain,Solar,2,PSO,430.1378412788161,577.7151114520028,466.42755126953125,11.107723236083984,882.1626479850527,34.51149708372241,96,0.366,0.001970006134335108,16,262.6829059123993
Spain Solar,Spain,Solar,2,CCO,430.6149127991273,556.1013565439307,473.66314697265625,10.816357612609863,882.1626479850527,36.96158437289069,96,0.4337,0.0029679738934834657,16,251.261798620224
Spain Solar,Spain,Solar,3,GA,424.74124475967716,701.7606874854133,615.0856323242188,16.04088020324707,882.1626479850527,20.449965877799904,96,0.3665,0.005111344712141644,32,175.31479477882385
Spain Solar,Spain,Solar,3,PSO,425.2145046914557,698.4276984770864,565.504638671875,12.614795684814453,882.1626479850527,20.82778611491148,112,0.1616,0.004315297086818917,32,198.93920397758484
Spain Solar,Spain,Solar,3,CCO,471.5857391556704,1062.824950309316,927.6804809570312,21.389793395996094,882.1626479850527,-20.479477649265007,24,0.1831,0.008526000075503708,16,132.73020839691162
Denmark Wind,Denmark,Wind,1,GA,324.2378684122199,325.8061276472559,252.84762573242188,15.634129524230957,367.715136858683,11.39714007137357,128,0.0469,0.002917776041314569,16,172.69715762138367
Denmark Wind,Denmark,Wind,1,PSO,331.58359381534547,340.5744801985316,259.0059814453125,15.913942337036133,367.715136858683,7.380891875164191,128,0.1912,0.0039171401133029525,16,158.6612434387207
Denmark Wind,Denmark,Wind,1,CCO,328.96367818119376,329.5563542476461,251.9137725830078,16.048288345336914,367.715136858683,10.37726728821114,160,0.2833,0.0033493599385569033,8,207.07953786849976
Denmark Wind,Denmark,Wind,2,GA,354.332526114242,321.23139537567,249.2206268310547,15.483875274658203,367.715136858683,12.641236877033226,120,0.2883,0.005494269567894422,32,84.92948746681213
Denmark Wind,Denmark,Wind,2,PSO,324.01345458175035,326.2015648912494,245.60916137695312,15.615592956542969,367.715136858683,11.289601054249703,96,0.3298,0.0038888867514327535,16,239.47711181640625
Denmark Wind,Denmark,Wind,2,CCO,321.3911290196106,324.2820917041211,249.21145629882812,15.680980682373047,367.715136858683,11.81160110122247,120,0.4124,0.0036320045060486902,16,165.11318826675415
Denmark Wind,Denmark,Wind,3,GA,321.18411289321267,322.3777748038782,255.07394409179688,16.212726593017578,367.715136858683,12.329479401395563,104,0.263,0.003140485427236341,8,183.13085627555847
Denmark Wind,Denmark,Wind,3,PSO,330.1129896527854,324.83468151122656,252.826904296875,15.536904335021973,367.715136858683,11.661324500746863,96,0.0255,0.004500649129807431,16,150.7348611354828
Denmark Wind,Denmark,Wind,3,CCO,324.74918206209543,334.53823118591396,261.1266784667969,16.230377197265625,367.715136858683,9.022447636013231,160,0.3821,0.0018429164907695582,8,204.5890748500824
Denmark Solar,Denmark,Solar,1,GA,42.59799421719437,77.50159083548705,62.25138473510742,44.68396759033203,58.22135830174353,-33.11539458392565,128,0.0779,0.000499966035272276,16,223.8851683139801
Denmark Solar,Denmark,Solar,1,PSO,43.50566257145442,99.96404138645306,81.20384216308594,77.43101501464844,58.22135830174353,-71.69651190267659,112,0.0749,0.0005947596067884221,8,312.7848131656647
Denmark Solar,Denmark,Solar,1,CCO,41.241579988185165,92.17587850476393,76.3528823852539,51.994651794433594,58.22135830174353,-58.31969777662089,152,0.0485,0.00034045058646494487,8,275.8518395423889
Denmark Solar,Denmark,Solar,2,GA,42.36206505429194,64.27213413729545,50.94862747192383,37.922603607177734,58.22135830174353,-10.392708126444937,120,0.1883,0.0005246644923675289,16,201.53784894943237
Denmark Solar,Denmark,Solar,2,PSO,53.61123302667665,114.3400646782439,94.00443267822266,62.66766357421875,58.22135830174353,-96.38852134925168,80,0.1121,0.009430297181876057,32,169.2832546234131
Denmark Solar,Denmark,Solar,2,CCO,50.696332846296684,107.1691538599727,87.20572662353516,63.791446685791016,58.22135830174353,-84.0718887122964,160,0.3152,0.006446423308781486,8,218.27105808258057
Denmark Solar,Denmark,Solar,3,GA,47.336318517405324,143.99493399291865,111.38056182861328,70.03643798828125,58.22135830174353,-147.32321298077048,144,0.1036,0.0030712398805985614,16,218.18110466003418
Denmark Solar,Denmark,Solar,3,PSO,49.079037817840316,130.27891503664358,113.027587890625,78.61248016357422,58.22135830174353,-123.76481558785994,152,0.4049,0.01,16,321.40710520744324
Denmark Solar,Denmark,Solar,3,CCO,44.81638428946773,114.30301269405588,87.01600646972656,49.459102630615234,58.22135830174353,-96.32488150080295,104,0.2314,0.0007665943124400128,8,236.23693823814392
