Task,Run,Algorithm,Iteration,ValidationRMSE
Germany Wind,1,GA,0,2665.8497707110205
Germany Wind,1,GA,1,2639.477126250576
Germany Wind,1,GA,2,2585.096226448834
Germany Wind,1,GA,3,2585.096226448834
Germany Wind,1,GA,4,2567.489143112391
Germany Wind,1,GA,5,2566.0654707158196
Germany Wind,1,GA,6,2565.8268647747846
Germany Wind,1,GA,7,2565.5389297377656
Germany Wind,1,GA,8,2565.5389297377656
Germany Wind,1,GA,9,2565.5389297377656
Germany Wind,1,GA,10,2565.5389297377656
Germany Wind,1,GA,11,2565.5389297377656
Germany Wind,1,GA,12,2564.061231718151
Germany Wind,1,GA,13,2564.061231718151
Germany Wind,1,GA,14,2564.061231718151
Germany Wind,1,GA,15,2563.7164429788254
Germany Wind,1,PSO,0,2554.481062760106
Germany Wind,1,PSO,1,2554.481062760106
Germany Wind,1,PSO,2,2554.481062760106
Germany Wind,1,PSO,3,2533.0302011622366
Germany Wind,1,PSO,4,2533.0302011622366
Germany Wind,1,PSO,5,2533.0302011622366
Germany Wind,1,PSO,6,2533.0302011622366
Germany Wind,1,PSO,7,2525.9294329018776
Germany Wind,1,PSO,8,2525.9294329018776
Germany Wind,1,PSO,9,2525.9294329018776
Germany Wind,1,PSO,10,2522.8963514183456
Germany Wind,1,PSO,11,2522.8963514183456
Germany Wind,1,PSO,12,2522.6272019464154
Germany Wind,1,PSO,13,2522.6272019464154
Germany Wind,1,PSO,14,2522.6272019464154
Germany Wind,1,PSO,15,2522.6272019464154
Germany Wind,1,CCO,0,2554.481062760106
Germany Wind,1,CCO,1,2554.481062760106
Germany Wind,1,CCO,2,2554.481062760106
Germany Wind,1,CCO,3,2554.481062760106
Germany Wind,1,CCO,4,2554.481062760106
Germany Wind,1,CCO,5,2554.481062760106
Germany Wind,1,CCO,6,2554.481062760106
Germany Wind,1,CCO,7,2554.481062760106
Germany Wind,1,CCO,8,2554.481062760106
Germany Wind,1,CCO,9,2554.481062760106
Germany Wind,1,CCO,10,2554.481062760106
Germany Wind,1,CCO,11,2554.481062760106
Germany Wind,1,CCO,12,2554.481062760106
Germany Wind,1,CCO,13,2553.0495490687213
Germany Wind,1,CCO,14,2547.682280034149
Germany Wind,1,CCO,15,2547.682280034149
Germany Wind,2,GA,0,2648.875893657534
Germany Wind,2,GA,1,2574.4363460765544
Germany Wind,2,GA,2,2574.4363460765544
Germany Wind,2,GA,3,2574.4363460765544
Germany Wind,2,GA,4,2567.1825996605694
Germany Wind,2,GA,5,2565.3274644770013
Germany Wind,2,GA,6,2561.7801427913364
Germany Wind,2,GA,7,2561.7801427913364
Germany Wind,2,GA,8,2560.354955860613
Germany Wind,2,GA,9,2560.354955860613
Germany Wind,2,GA,10,2560.354955860613
Germany Wind,2,GA,11,2560.354955860613
Germany Wind,2,GA,12,2560.354955860613
Germany Wind,2,GA,13,2560.354955860613
Germany Wind,2,GA,14,2559.7764550835295
Germany Wind,2,GA,15,2558.939819534645
Germany Wind,2,PSO,0,2656.37892628292
Germany Wind,2,PSO,1,2629.336798510225
Germany Wind,2,PSO,2,2621.1296228916267
Germany Wind,2,PSO,3,2602.8597734030927
Germany Wind,2,PSO,4,2598.321284983826
Germany Wind,2,PSO,5,2598.321284983826
Germany Wind,2,PSO,6,2598.321284983826
Germany Wind,2,PSO,7,2596.109300472536
Germany Wind,2,PSO,8,2586.36376018533
Germany Wind,2,PSO,9,2575.2631904331643
Germany Wind,2,PSO,10,2575.2631904331643
Germany Wind,2,PSO,11,2566.377602770099
Germany Wind,2,PSO,12,2566.377602770099
Germany Wind,2,PSO,13,2566.377602770099
Germany Wind,2,PSO,14,2566.377602770099
Germany Wind,2,PSO,15,2566.377602770099
Germany Wind,2,CCO,0,2656.37892628292
Germany Wind,2,CCO,1,2596.7733824883526
Germany Wind,2,CCO,2,2596.7733824883526
Germany Wind,2,CCO,3,2596.7733824883526
Germany Wind,2,CCO,4,2596.7733824883526
Germany Wind,2,CCO,5,2596.7733824883526
Germany Wind,2,CCO,6,2596.7733824883526
Germany Wind,2,CCO,7,2596.7733824883526
Germany Wind,2,CCO,8,2592.6736200301034
Germany Wind,2,CCO,9,2592.6736200301034
Germany Wind,2,CCO,10,2592.6736200301034
Germany Wind,2,CCO,11,2592.6736200301034
Germany Wind,2,CCO,12,2592.6645560118263
Germany Wind,2,CCO,13,2592.6645560118263
Germany Wind,2,CCO,14,2592.6645560118263
Germany Wind,2,CCO,15,2592.6645560118263
Germany Wind,3,GA,0,2661.816954638316
Germany Wind,3,GA,1,2615.404844378782
Germany Wind,3,GA,2,2615.404844378782
Germany Wind,3,GA,3,2611.588788458091
Germany Wind,3,GA,4,2564.4982940138602
Germany Wind,3,GA,5,2564.4982940138602
Germany Wind,3,GA,6,2529.418510250923
Germany Wind,3,GA,7,2529.418510250923
Germany Wind,3,GA,8,2529.418510250923
Germany Wind,3,GA,9,2529.418510250923
Germany Wind,3,GA,10,2529.418510250923
Germany Wind,3,GA,11,2529.418510250923
Germany Wind,3,GA,12,2525.941408663313
Germany Wind,3,GA,13,2525.6501143270025
Germany Wind,3,GA,14,2525.6501143270025
Germany Wind,3,GA,15,2525.58478376791
Germany Wind,3,PSO,0,3717.1690841284044
Germany Wind,3,PSO,1,2558.4973128772285
Germany Wind,3,PSO,2,2558.4973128772285
Germany Wind,3,PSO,3,2558.4973128772285
Germany Wind,3,PSO,4,2558.4973128772285
Germany Wind,3,PSO,5,2558.4973128772285
Germany Wind,3,PSO,6,2555.06027326167
Germany Wind,3,PSO,7,2555.06027326167
Germany Wind,3,PSO,8,2555.06027326167
Germany Wind,3,PSO,9,2555.06027326167
Germany Wind,3,PSO,10,2551.8414919426323
Germany Wind,3,PSO,11,2551.8414919426323
Germany Wind,3,PSO,12,2545.609357305241
Germany Wind,3,PSO,13,2540.857827585007
Germany Wind,3,PSO,14,2526.8827634063277
Germany Wind,3,PSO,15,2526.8827634063277
Germany Wind,3,CCO,0,3717.1690841284044
Germany Wind,3,CCO,1,3717.1690841284044
Germany Wind,3,CCO,2,3472.0084965333826
Germany Wind,3,CCO,3,2571.3969938537302
Germany Wind,3,CCO,4,2556.9214888220563
Germany Wind,3,CCO,5,2529.607578261893
Germany Wind,3,CCO,6,2529.607578261893
Germany Wind,3,CCO,7,2529.607578261893
Germany Wind,3,CCO,8,2529.607578261893
Germany Wind,3,CCO,9,2529.474451343599
Germany Wind,3,CCO,10,2529.4483588324156
Germany Wind,3,CCO,11,2529.4483588324156
Germany Wind,3,CCO,12,2529.4483588324156
Germany Wind,3,CCO,13,2528.4316285001655
Germany Wind,3,CCO,14,2527.29103982901
Germany Wind,3,CCO,15,2527.29103982901
Germany Solar,1,GA,0,605.1500330496563
Germany Solar,1,GA,1,605.1500330496563
Germany Solar,1,GA,2,605.1500330496563
Germany Solar,1,GA,3,605.091857696003
Germany Solar,1,GA,4,603.576501986285
Germany Solar,1,GA,5,591.6071859773173
Germany Solar,1,GA,6,591.6071859773173
Germany Solar,1,GA,7,588.7803070755679
Germany Solar,1,GA,8,588.7803070755679
Germany Solar,1,GA,9,588.7803070755679
Germany Solar,1,GA,10,588.7803070755679
Germany Solar,1,GA,11,588.7599256063544
Germany Solar,1,GA,12,588.7599256063544
Germany Solar,1,GA,13,588.7543258864431
Germany Solar,1,GA,14,588.7543258864431
Germany Solar,1,GA,15,588.7543258864431
Germany Solar,1,PSO,0,991.5468029800711
Germany Solar,1,PSO,1,757.687806751567
Germany Solar,1,PSO,2,659.7025134482966
Germany Solar,1,PSO,3,647.5239377814538
Germany Solar,1,PSO,4,640.7292232292828
Germany Solar,1,PSO,5,640.7292232292828
Germany Solar,1,PSO,6,640.7292232292828
Germany Solar,1,PSO,7,639.0952833889482
Germany Solar,1,PSO,8,621.6797055156296
Germany Solar,1,PSO,9,621.6797055156296
Germany Solar,1,PSO,10,621.6797055156296
Germany Solar,1,PSO,11,621.6797055156296
Germany Solar,1,PSO,12,621.6797055156296
Germany Solar,1,PSO,13,621.6797055156296
Germany Solar,1,PSO,14,621.6797055156296
Germany Solar,1,PSO,15,621.6797055156296
Germany Solar,1,CCO,0,991.5468029800711
Germany Solar,1,CCO,1,748.2002572841044
Germany Solar,1,CCO,2,708.8331741319674
Germany Solar,1,CCO,3,653.5544162500931
Germany Solar,1,CCO,4,653.5544162500931
Germany Solar,1,CCO,5,633.6424958128993
Germany Solar,1,CCO,6,633.6424958128993
Germany Solar,1,CCO,7,626.3657078736031
Germany Solar,1,CCO,8,626.3657078736031
Germany Solar,1,CCO,9,616.4663413358429
Germany Solar,1,CCO,10,616.2833662366687
Germany Solar,1,CCO,11,616.2833662366687
Germany Solar,1,CCO,12,616.2833662366687
Germany Solar,1,CCO,13,616.2833662366687
Germany Solar,1,CCO,14,616.0709425463922
Germany Solar,1,CCO,15,616.0709425463922
Germany Solar,2,GA,0,641.7120411446243
Germany Solar,2,GA,1,641.7120411446243
Germany Solar,2,GA,2,632.5010128450389
Germany Solar,2,GA,3,628.7295722327684
Germany Solar,2,GA,4,628.7295722327684
Germany Solar,2,GA,5,623.2560669580362
Germany Solar,2,GA,6,618.7598989107164
Germany Solar,2,GA,7,618.7598989107164
Germany Solar,2,GA,8,618.7598989107164
Germany Solar,2,GA,9,618.7598989107164
Germany Solar,2,GA,10,617.1045039132351
Germany Solar,2,GA,11,610.9498496194266
Germany Solar,2,GA,12,610.9498496194266
Germany Solar,2,GA,13,610.9498496194266
Germany Solar,2,GA,14,610.9351182818025
Germany Solar,2,GA,15,610.9351182818025
Germany Solar,2,PSO,0,734.173387218578
Germany Solar,2,PSO,1,734.173387218578
Germany Solar,2,PSO,2,639.0976549010331
Germany Solar,2,PSO,3,639.0976549010331
Germany Solar,2,PSO,4,632.9524073735718
Germany Solar,2,PSO,5,621.9865603451573
Germany Solar,2,PSO,6,621.9865603451573
Germany Solar,2,PSO,7,621.9865603451573
Germany Solar,2,PSO,8,614.1722580025901
Germany Solar,2,PSO,9,612.068393849903
Germany Solar,2,PSO,10,612.068393849903
Germany Solar,2,PSO,11,612.068393849903
Germany Solar,2,PSO,12,612.068393849903
Germany Solar,2,PSO,13,607.822291052245
Germany Solar,2,PSO,14,607.822291052245
Germany Solar,2,PSO,15,607.822291052245
Germany Solar,2,CCO,0,734.173387218578
Germany Solar,2,CCO,1,734.173387218578
Germany Solar,2,CCO,2,734.173387218578
Germany Solar,2,CCO,3,717.5890624166452
Germany Solar,2,CCO,4,631.6684256791691
Germany Solar,2,CCO,5,606.3087084975772
Germany Solar,2,CCO,6,606.3087084975772
Germany Solar,2,CCO,7,606.3087084975772
Germany Solar,2,CCO,8,606.3087084975772
Germany Solar,2,CCO,9,606.3087084975772
Germany Solar,2,CCO,10,606.1532397009852
Germany Solar,2,CCO,11,606.1532397009852
Germany Solar,2,CCO,12,606.1532397009852
Germany Solar,2,CCO,13,602.2260009747172
Germany Solar,2,CCO,14,601.9843747972201
Germany Solar,2,CCO,15,601.9843747972201
Germany Solar,3,GA,0,711.0781426819418
Germany Solar,3,GA,1,672.3762897366325
Germany Solar,3,GA,2,639.5045934158721
Germany Solar,3,GA,3,639.5045934158721
Germany Solar,3,GA,4,639.5045934158721
Germany Solar,3,GA,5,639.5045934158721
Germany Solar,3,GA,6,638.723776369723
Germany Solar,3,GA,7,638.723776369723
Germany Solar,3,GA,8,638.723776369723
Germany Solar,3,GA,9,638.6578211374225
Germany Solar,3,GA,10,638.6578211374225
Germany Solar,3,GA,11,638.6367071739613
Germany Solar,3,GA,12,638.6367071739613
Germany Solar,3,GA,13,637.719741540122
Germany Solar,3,GA,14,637.719741540122
Germany Solar,3,GA,15,637.719741540122
Germany Solar,3,PSO,0,687.2667331538753
Germany Solar,3,PSO,1,687.2667331538753
Germany Solar,3,PSO,2,687.2667331538753
Germany Solar,3,PSO,3,643.5841291159999
Germany Solar,3,PSO,4,643.5841291159999
Germany Solar,3,PSO,5,631.5465639998368
Germany Solar,3,PSO,6,622.6554022892599
Germany Solar,3,PSO,7,613.403924832569
Germany Solar,3,PSO,8,613.403924832569
Germany Solar,3,PSO,9,613.403924832569
Germany Solar,3,PSO,10,613.403924832569
Germany Solar,3,PSO,11,603.9648427267931
Germany Solar,3,PSO,12,603.9648427267931
Germany Solar,3,PSO,13,603.9648427267931
Germany Solar,3,PSO,14,603.9648427267931
Germany Solar,3,PSO,15,603.9648427267931
Germany Solar,3,CCO,0,687.2667331538753
Germany Solar,3,CCO,1,687.2667331538753
Germany Solar,3,CCO,2,687.2667331538753
Germany Solar,3,CCO,3,687.2667331538753
Germany Solar,3,CCO,4,598.2847096073908
Germany Solar,3,CCO,5,598.2847096073908
Germany Solar,3,CCO,6,598.2847096073908
Germany Solar,3,CCO,7,598.2847096073908
Germany Solar,3,CCO,8,593.047716250556
Germany Solar,3,CCO,9,593.047716250556
Germany Solar,3,CCO,10,593.047716250556
Germany Solar,3,CCO,11,593.047716250556
Germany Solar,3,CCO,12,593.047716250556
Germany Solar,3,CCO,13,592.7290696431212
Germany Solar,3,CCO,14,592.7290696431212
Germany Solar,3,CCO,15,592.7290696431212
Spain Wind,1,GA,0,973.1548887510148
Spain Wind,1,GA,1,942.9762722359455
Spain Wind,1,GA,2,926.9105606799396
Spain Wind,1,GA,3,926.9105606799396
Spain Wind,1,GA,4,926.8037818222366
Spain Wind,1,GA,5,918.7101011744674
Spain Wind,1,GA,6,916.9848690136604
Spain Wind,1,GA,7,902.5225412697458
Spain Wind,1,GA,8,902.5225412697458
Spain Wind,1,GA,9,902.5225412697458
Spain Wind,1,GA,10,902.5225412697458
Spain Wind,1,GA,11,902.0568163924044
Spain Wind,1,GA,12,902.0568163924044
Spain Wind,1,GA,13,902.0568163924044
Spain Wind,1,GA,14,900.8255588625358
Spain Wind,1,GA,15,895.9050940250312
Spain Wind,1,PSO,0,908.8740974414443
Spain Wind,1,PSO,1,908.8740974414443
Spain Wind,1,PSO,2,906.8936335094651
Spain Wind,1,PSO,3,906.8936335094651
Spain Wind,1,PSO,4,906.8936335094651
Spain Wind,1,PSO,5,906.6845509878284
Spain Wind,1,PSO,6,906.6845509878284
Spain Wind,1,PSO,7,906.6845509878284
Spain Wind,1,PSO,8,906.6845509878284
Spain Wind,1,PSO,9,906.6845509878284
Spain Wind,1,PSO,10,906.6845509878284
Spain Wind,1,PSO,11,906.6845509878284
Spain Wind,1,PSO,12,906.6845509878284
Spain Wind,1,PSO,13,906.6845509878284
Spain Wind,1,PSO,14,898.8414765685883
Spain Wind,1,PSO,15,898.8414765685883
Spain Wind,1,CCO,0,908.8740974414443
Spain Wind,1,CCO,1,908.8740974414443
Spain Wind,1,CCO,2,908.8740974414443
Spain Wind,1,CCO,3,908.8740974414443
Spain Wind,1,CCO,4,908.8740974414443
Spain Wind,1,CCO,5,908.8740974414443
Spain Wind,1,CCO,6,878.6897561141816
Spain Wind,1,CCO,7,878.6897561141816
Spain Wind,1,CCO,8,878.6897561141816
Spain Wind,1,CCO,9,878.6897561141816
Spain Wind,1,CCO,10,878.6897561141816
Spain Wind,1,CCO,11,878.6897561141816
Spain Wind,1,CCO,12,877.6963811592252
Spain Wind,1,CCO,13,876.8075615549857
Spain Wind,1,CCO,14,876.7455446137152
Spain Wind,1,CCO,15,876.7455446137152
Spain Wind,2,GA,0,902.4646807493355
Spain Wind,2,GA,1,902.4646807493355
Spain Wind,2,GA,2,902.4646807493355
Spain Wind,2,GA,3,902.4364936104922
Spain Wind,2,GA,4,892.8967255511692
Spain Wind,2,GA,5,892.8967255511692
Spain Wind,2,GA,6,892.8967255511692
Spain Wind,2,GA,7,892.8967255511692
Spain Wind,2,GA,8,892.8018397158464
Spain Wind,2,GA,9,892.8018397158464
Spain Wind,2,GA,10,892.8018397158464
Spain Wind,2,GA,11,892.8018397158464
Spain Wind,2,GA,12,892.7908139648391
Spain Wind,2,GA,13,892.7824833071044
Spain Wind,2,GA,14,892.7824833071044
Spain Wind,2,GA,15,892.7824833071044
Spain Wind,2,PSO,0,917.4027196384367
Spain Wind,2,PSO,1,917.4027196384367
Spain Wind,2,PSO,2,913.4759849060073
Spain Wind,2,PSO,3,913.4759849060073
Spain Wind,2,PSO,4,913.4759849060073
Spain Wind,2,PSO,5,913.4759849060073
Spain Wind,2,PSO,6,913.4759849060073
Spain Wind,2,PSO,7,913.4759849060073
Spain Wind,2,PSO,8,913.4759849060073
Spain Wind,2,PSO,9,913.4759849060073
Spain Wind,2,PSO,10,913.4759849060073
Spain Wind,2,PSO,11,913.4759849060073
Spain Wind,2,PSO,12,913.4759849060073
Spain Wind,2,PSO,13,913.4759849060073
Spain Wind,2,PSO,14,911.7858506798622
Spain Wind,2,PSO,15,910.4695217304092
Spain Wind,2,CCO,0,917.4027196384367
Spain Wind,2,CCO,1,917.4027196384367
Spain Wind,2,CCO,2,917.4027196384367
Spain Wind,2,CCO,3,891.0749477456989
Spain Wind,2,CCO,4,891.0749477456989
Spain Wind,2,CCO,5,891.0749477456989
Spain Wind,2,CCO,6,891.0749477456989
Spain Wind,2,CCO,7,891.0749477456989
Spain Wind,2,CCO,8,891.0749477456989
Spain Wind,2,CCO,9,891.0749477456989
Spain Wind,2,CCO,10,891.0749477456989
Spain Wind,2,CCO,11,891.0749477456989
Spain Wind,2,CCO,12,891.0749477456989
Spain Wind,2,CCO,13,884.5610493346403
Spain Wind,2,CCO,14,882.3495268316292
Spain Wind,2,CCO,15,882.3495268316292
Spain Wind,3,GA,0,918.3245613616136
Spain Wind,3,GA,1,918.3245613616136
Spain Wind,3,GA,2,918.3245613616136
Spain Wind,3,GA,3,911.7608993041981
Spain Wind,3,GA,4,898.740264203179
Spain Wind,3,GA,5,898.740264203179
Spain Wind,3,GA,6,898.740264203179
Spain Wind,3,GA,7,898.740264203179
Spain Wind,3,GA,8,898.740264203179
Spain Wind,3,GA,9,898.740264203179
Spain Wind,3,GA,10,898.740264203179
Spain Wind,3,GA,11,890.5904993317636
Spain Wind,3,GA,12,884.1196539496224
Spain Wind,3,GA,13,884.1196539496224
Spain Wind,3,GA,14,884.1196539496224
Spain Wind,3,GA,15,884.1196539496224
Spain Wind,3,PSO,0,1196.1963154098075
Spain Wind,3,PSO,1,1164.7621538322749
Spain Wind,3,PSO,2,1164.7621538322749
Spain Wind,3,PSO,3,995.1302050485655
Spain Wind,3,PSO,4,909.1730789569168
Spain Wind,3,PSO,5,901.0841733711674
Spain Wind,3,PSO,6,901.0841733711674
Spain Wind,3,PSO,7,901.0841733711674
Spain Wind,3,PSO,8,899.0245408218843
Spain Wind,3,PSO,9,899.0245408218843
Spain Wind,3,PSO,10,898.2780749856918
Spain Wind,3,PSO,11,898.2780749856918
Spain Wind,3,PSO,12,898.2780749856918
Spain Wind,3,PSO,13,897.8740167751821
Spain Wind,3,PSO,14,897.8740167751821
Spain Wind,3,PSO,15,897.8740167751821
Spain Wind,3,CCO,0,1196.1963154098075
Spain Wind,3,CCO,1,1181.1217126105166
Spain Wind,3,CCO,2,1166.004716971591
Spain Wind,3,CCO,3,937.8181460176594
Spain Wind,3,CCO,4,937.8181460176594
Spain Wind,3,CCO,5,937.8181460176594
Spain Wind,3,CCO,6,923.9233599168277
Spain Wind,3,CCO,7,923.9233599168277
Spain Wind,3,CCO,8,923.9233599168277
Spain Wind,3,CCO,9,921.8869236517025
Spain Wind,3,CCO,10,921.8869236517025
Spain Wind,3,CCO,11,921.8869236517025
Spain Wind,3,CCO,12,921.8869236517025
Spain Wind,3,CCO,13,921.8707881259716
Spain Wind,3,CCO,14,921.6915156385026
Spain Wind,3,CCO,15,921.6915156385026
Spain Solar,1,GA,0,444.1049108881819
Spain Solar,1,GA,1,444.1049108881819
Spain Solar,1,GA,2,444.1049108881819
Spain Solar,1,GA,3,441.90160810976914
Spain Solar,1,GA,4,440.62487588650737
Spain Solar,1,GA,5,440.1846913512554
Spain Solar,1,GA,6,439.3718527625546
Spain Solar,1,GA,7,439.3718527625546
Spain Solar,1,GA,8,437.6265888288782
Spain Solar,1,GA,9,437.6265888288782
Spain Solar,1,GA,10,437.6265888288782
Spain Solar,1,GA,11,437.6265888288782
Spain Solar,1,GA,12,437.6265888288782
Spain Solar,1,GA,13,437.6265888288782
Spain Solar,1,GA,14,437.3093513178057
Spain Solar,1,GA,15,437.2338297467386
Spain Solar,1,PSO,0,470.59226313763384
Spain Solar,1,PSO,1,461.77979397652297
Spain Solar,1,PSO,2,442.35343617971364
Spain Solar,1,PSO,3,442.35343617971364
Spain Solar,1,PSO,4,442.35343617971364
Spain Solar,1,PSO,5,442.35343617971364
Spain Solar,1,PSO,6,442.35343617971364
Spain Solar,1,PSO,7,442.35343617971364
Spain Solar,1,PSO,8,442.35343617971364
Spain Solar,1,PSO,9,438.96266213654206
Spain Solar,1,PSO,10,432.1584453357356
Spain Solar,1,PSO,11,432.1584453357356
Spain Solar,1,PSO,12,432.1584453357356
Spain Solar,1,PSO,13,432.1584453357356
Spain Solar,1,PSO,14,432.1584453357356
Spain Solar,1,PSO,15,432.1584453357356
Spain Solar,1,CCO,0,470.59226313763384
Spain Solar,1,CCO,1,470.59226313763384
Spain Solar,1,CCO,2,470.59226313763384
Spain Solar,1,CCO,3,470.59226313763384
Spain Solar,1,CCO,4,446.0662787075481
Spain Solar,1,CCO,5,446.0662787075481
Spain Solar,1,CCO,6,446.0662787075481
Spain Solar,1,CCO,7,436.3951406122667
Spain Solar,1,CCO,8,436.3951406122667
Spain Solar,1,CCO,9,434.5595291499198
Spain Solar,1,CCO,10,434.5595291499198
Spain Solar,1,CCO,11,434.5595291499198
Spain Solar,1,CCO,12,434.5595291499198
Spain Solar,1,CCO,13,432.9361420867978
Spain Solar,1,CCO,14,428.3476428381508
Spain Solar,1,CCO,15,428.3476428381508
Spain Solar,2,GA,0,559.3992592504927
Spain Solar,2,GA,1,505.0572832610178
Spain Solar,2,GA,2,505.0572832610178
Spain Solar,2,GA,3,501.0261189548904
Spain Solar,2,GA,4,479.555507084425
Spain Solar,2,GA,5,479.555507084425
Spain Solar,2,GA,6,479.555507084425
Spain Solar,2,GA,7,479.141028299602
Spain Solar,2,GA,8,479.141028299602
Spain Solar,2,GA,9,475.06264389551825
Spain Solar,2,GA,10,472.9923691244923
Spain Solar,2,GA,11,467.5355935648108
Spain Solar,2,GA,12,467.5355935648108
Spain Solar,2,GA,13,467.5355935648108
Spain Solar,2,GA,14,467.5355935648108
Spain Solar,2,GA,15,467.5355935648108
Spain Solar,2,PSO,0,475.0852719512572
Spain Solar,2,PSO,1,475.0852719512572
Spain Solar,2,PSO,2,457.13783479383983
Spain Solar,2,PSO,3,457.13783479383983
Spain Solar,2,PSO,4,442.46481145397314
Spain Solar,2,PSO,5,440.10904188621254
Spain Solar,2,PSO,6,440.10904188621254
Spain Solar,2,PSO,7,430.1378412788161
Spain Solar,2,PSO,8,430.1378412788161
Spain Solar,2,PSO,9,430.1378412788161
Spain Solar,2,PSO,10,430.1378412788161
Spain Solar,2,PSO,11,430.1378412788161
Spain Solar,2,PSO,12,430.1378412788161
Spain Solar,2,PSO,13,430.1378412788161
Spain Solar,2,PSO,14,430.1378412788161
Spain Solar,2,PSO,15,430.1378412788161
Spain Solar,2,CCO,0,475.0852719512572
Spain Solar,2,CCO,1,475.0852719512572
Spain Solar,2,CCO,2,475.0852719512572
Spain Solar,2,CCO,3,475.0852719512572
Spain Solar,2,CCO,4,475.0852719512572
Spain Solar,2,CCO,5,475.0852719512572
Spain Solar,2,CCO,6,469.13206096471384
Spain Solar,2,CCO,7,459.6005908666785
Spain Solar,2,CCO,8,459.6005908666785
Spain Solar,2,CCO,9,446.4269082111875
Spain Solar,2,CCO,10,442.33072327162625
Spain Solar,2,CCO,11,442.33072327162625
Spain Solar,2,CCO,12,439.88386251373214
Spain Solar,2,CCO,13,430.6149127991273
Spain Solar,2,CCO,14,430.6149127991273
Spain Solar,2,CCO,15,430.6149127991273
Spain Solar,3,GA,0,461.2802666221481
Spain Solar,3,GA,1,461.2802666221481
Spain Solar,3,GA,2,445.7962504048234
Spain Solar,3,GA,3,445.7962504048234
Spain Solar,3,GA,4,445.7962504048234
Spain Solar,3,GA,5,429.4809912848297
Spain Solar,3,GA,6,429.4809912848297
Spain Solar,3,GA,7,429.4809912848297
Spain Solar,3,GA,8,429.1945217497539
Spain Solar,3,GA,9,424.75627202549936
Spain Solar,3,GA,10,424.75627202549936
Spain Solar,3,GA,11,424.75627202549936
Spain Solar,3,GA,12,424.75627202549936
Spain Solar,3,GA,13,424.75627202549936
Spain Solar,3,GA,14,424.75627202549936
Spain Solar,3,GA,15,424.74124475967716
Spain Solar,3,PSO,0,499.61974603191976
Spain Solar,3,PSO,1,476.25526571892095
Spain Solar,3,PSO,2,463.8819050954672
Spain Solar,3,PSO,3,446.9828016825703
Spain Solar,3,PSO,4,446.9828016825703
Spain Solar,3,PSO,5,446.9828016825703
Spain Solar,3,PSO,6,446.9828016825703
Spain Solar,3,PSO,7,446.9828016825703
Spain Solar,3,PSO,8,446.9828016825703
Spain Solar,3,PSO,9,446.9828016825703
Spain Solar,3,PSO,10,438.4798491664127
Spain Solar,3,PSO,11,438.4798491664127
Spain Solar,3,PSO,12,438.4798491664127
Spain Solar,3,PSO,13,438.4798491664127
Spain Solar,3,PSO,14,425.2145046914557
Spain Solar,3,PSO,15,425.2145046914557
Spain Solar,3,CCO,0,499.61974603191976
Spain Solar,3,CCO,1,499.61974603191976
Spain Solar,3,CCO,2,492.0506992424663
Spain Solar,3,CCO,3,492.0506992424663
Spain Solar,3,CCO,4,492.0506992424663
Spain Solar,3,CCO,5,492.0506992424663
Spain Solar,3,CCO,6,492.0506992424663
Spain Solar,3,CCO,7,486.769597063128
Spain Solar,3,CCO,8,486.769597063128
Spain Solar,3,CCO,9,486.769597063128
Spain Solar,3,CCO,10,484.010814703556
Spain Solar,3,CCO,11,484.010814703556
Spain Solar,3,CCO,12,484.010814703556
Spain Solar,3,CCO,13,484.010814703556
Spain Solar,3,CCO,14,471.5857391556704
Spain Solar,3,CCO,15,471.5857391556704
Denmark Wind,1,GA,0,346.3015530213516
Denmark Wind,1,GA,1,346.3015530213516
Denmark Wind,1,GA,2,334.42953994451506
Denmark Wind,1,GA,3,331.14197531043993
Denmark Wind,1,GA,4,331.14197531043993
Denmark Wind,1,GA,5,330.62312145023975
Denmark Wind,1,GA,6,325.7676630859791
Denmark Wind,1,GA,7,325.7676630859791
Denmark Wind,1,GA,8,325.6899887162637
Denmark Wind,1,GA,9,325.5573706161481
Denmark Wind,1,GA,10,324.2378684122199
Denmark Wind,1,GA,11,324.2378684122199
Denmark Wind,1,GA,12,324.2378684122199
Denmark Wind,1,GA,13,324.2378684122199
Denmark Wind,1,GA,14,324.2378684122199
Denmark Wind,1,GA,15,324.2378684122199
Denmark Wind,1,PSO,0,439.2673410065902
Denmark Wind,1,PSO,1,342.20376102915645
Denmark Wind,1,PSO,2,342.20376102915645
Denmark Wind,1,PSO,3,335.023856426673
Denmark Wind,1,PSO,4,335.023856426673
Denmark Wind,1,PSO,5,335.023856426673
Denmark Wind,1,PSO,6,335.023856426673
Denmark Wind,1,PSO,7,335.023856426673
Denmark Wind,1,PSO,8,334.8518562364557
Denmark Wind,1,PSO,9,334.8518562364557
Denmark Wind,1,PSO,10,331.58359381534547
Denmark Wind,1,PSO,11,331.58359381534547
Denmark Wind,1,PSO,12,331.58359381534547
Denmark Wind,1,PSO,13,331.58359381534547
Denmark Wind,1,PSO,14,331.58359381534547
Denmark Wind,1,PSO,15,331.58359381534547
Denmark Wind,1,CCO,0,439.2673410065902
Denmark Wind,1,CCO,1,439.2673410065902
Denmark Wind,1,CCO,2,366.5753247969645
Denmark Wind,1,CCO,3,343.9042949172051
Denmark Wind,1,CCO,4,343.9042949172051
Denmark Wind,1,CCO,5,343.9042949172051
Denmark Wind,1,CCO,6,343.2265446283256
Denmark Wind,1,CCO,7,330.57099039011274
Denmark Wind,1,CCO,8,330.57099039011274
Denmark Wind,1,CCO,9,330.57099039011274
Denmark Wind,1,CCO,10,330.57099039011274
Denmark Wind,1,CCO,11,330.57099039011274
Denmark Wind,1,CCO,12,330.57099039011274
Denmark Wind,1,CCO,13,330.57099039011274
Denmark Wind,1,CCO,14,328.96367818119376
Denmark Wind,1,CCO,15,328.96367818119376
Denmark Wind,2,GA,0,454.7957474240497
Denmark Wind,2,GA,1,454.7957474240497
Denmark Wind,2,GA,2,454.7957474240497
Denmark Wind,2,GA,3,454.7957474240497
Denmark Wind,2,GA,4,454.7957474240497
Denmark Wind,2,GA,5,454.6424591093533
Denmark Wind,2,GA,6,453.37801556758353
Denmark Wind,2,GA,7,453.37801556758353
Denmark Wind,2,GA,8,453.3056708778305
Denmark Wind,2,GA,9,453.2176457012679
Denmark Wind,2,GA,10,450.95722843192124
Denmark Wind,2,GA,11,446.75
Denmark Wind,2,GA,12,446.75
Denmark Wind,2,GA,13,446.75
Denmark Wind,2,GA,14,373.02632698644743
Denmark Wind,2,GA,15,354.332526114242
Denmark Wind,2,PSO,0,445.92419829495685
Denmark Wind,2,PSO,1,445.92419829495685
Denmark Wind,2,PSO,2,337.35598779331013
Denmark Wind,2,PSO,3,328.532235385662
Denmark Wind,2,PSO,4,328.4015263362824
Denmark Wind,2,PSO,5,328.4015263362824
Denmark Wind,2,PSO,6,324.83701442030895
Denmark Wind,2,PSO,7,324.83701442030895
Denmark Wind,2,PSO,8,324.83701442030895
Denmark Wind,2,PSO,9,324.01345458175035
Denmark Wind,2,PSO,10,324.01345458175035
Denmark Wind,2,PSO,11,324.01345458175035
Denmark Wind,2,PSO,12,324.01345458175035
Denmark Wind,2,PSO,13,324.01345458175035
Denmark Wind,2,PSO,14,324.01345458175035
Denmark Wind,2,PSO,15,324.01345458175035
Denmark Wind,2,CCO,0,445.92419829495685
Denmark Wind,2,CCO,1,445.92419829495685
Denmark Wind,2,CCO,2,367.7026014661849
Denmark Wind,2,CCO,3,367.7026014661849
Denmark Wind,2,CCO,4,358.6250653537758
Denmark Wind,2,CCO,5,346.57161281977494
Denmark Wind,2,CCO,6,335.10050964225644
Denmark Wind,2,CCO,7,335.10050964225644
Denmark Wind,2,CCO,8,324.60275000760544
Denmark Wind,2,CCO,9,324.60275000760544
Denmark Wind,2,CCO,10,324.60275000760544
Denmark Wind,2,CCO,11,322.9365262710305
Denmark Wind,2,CCO,12,322.9365262710305
Denmark Wind,2,CCO,13,322.9365262710305
Denmark Wind,2,CCO,14,321.3911290196106
Denmark Wind,2,CCO,15,321.3911290196106
Denmark Wind,3,GA,0,442.01309723242366
Denmark Wind,3,GA,1,442.01309723242366
Denmark Wind,3,GA,2,369.9751047367917
Denmark Wind,3,GA,3,365.00256848411357
Denmark Wind,3,GA,4,365.00256848411357
Denmark Wind,3,GA,5,344.2355434509923
Denmark Wind,3,GA,6,330.00363397620333
Denmark Wind,3,GA,7,330.00363397620333
Denmark Wind,3,GA,8,323.5236660586054
Denmark Wind,3,GA,9,322.91723252638593
Denmark Wind,3,GA,10,322.91723252638593
Denmark Wind,3,GA,11,322.84445025817
Denmark Wind,3,GA,12,321.18411289321267
Denmark Wind,3,GA,13,321.18411289321267
Denmark Wind,3,GA,14,321.18411289321267
Denmark Wind,3,GA,15,321.18411289321267
Denmark Wind,3,PSO,0,454.00289095995856
Denmark Wind,3,PSO,1,449.06247825330496
Denmark Wind,3,PSO,2,449.06247825330496
Denmark Wind,3,PSO,3,444.8941236406703
Denmark Wind,3,PSO,4,443.8258385898685
Denmark Wind,3,PSO,5,370.97251835547064
Denmark Wind,3,PSO,6,349.062393688435
Denmark Wind,3,PSO,7,349.062393688435
Denmark Wind,3,PSO,8,338.85262513738917
Denmark Wind,3,PSO,9,338.59528293377036
Denmark Wind,3,PSO,10,330.1465701964811
Denmark Wind,3,PSO,11,330.1465701964811
Denmark Wind,3,PSO,12,330.1129896527854
Denmark Wind,3,PSO,13,330.1129896527854
Denmark Wind,3,PSO,14,330.1129896527854
Denmark Wind,3,PSO,15,330.1129896527854
Denmark Wind,3,CCO,0,454.00289095995856
Denmark Wind,3,CCO,1,454.00289095995856
Denmark Wind,3,CCO,2,343.2668195077992
Denmark Wind,3,CCO,3,333.61247166435487
Denmark Wind,3,CCO,4,333.61247166435487
Denmark Wind,3,CCO,5,327.9076303816366
Denmark Wind,3,CCO,6,327.9076303816366
Denmark Wind,3,CCO,7,327.9076303816366
Denmark Wind,3,CCO,8,327.19457370576913
Denmark Wind,3,CCO,9,327.19457370576913
Denmark Wind,3,CCO,10,327.19457370576913
Denmark Wind,3,CCO,11,327.1619319045234
Denmark Wind,3,CCO,12,327.1619319045234
Denmark Wind,3,CCO,13,324.74918206209543
Denmark Wind,3,CCO,14,324.74918206209543
Denmark Wind,3,CCO,15,324.74918206209543
Denmark Solar,1,GA,0,63.889046813474806
Denmark Solar,1,GA,1,44.436693744883435
Denmark Solar,1,GA,2,44.436693744883435
Denmark Solar,1,GA,3,44.436693744883435
Denmark Solar,1,GA,4,44.436693744883435
Denmark Solar,1,GA,5,44.436693744883435
Denmark Solar,1,GA,6,44.436693744883435
Denmark Solar,1,GA,7,44.436693744883435
Denmark Solar,1,GA,8,44.436693744883435
Denmark Solar,1,GA,9,44.436693744883435
Denmark Solar,1,GA,10,44.436693744883435
Denmark Solar,1,GA,11,42.59799421719437
Denmark Solar,1,GA,12,42.59799421719437
Denmark Solar,1,GA,13,42.59799421719437
Denmark Solar,1,GA,14,42.59799421719437
Denmark Solar,1,GA,15,42.59799421719437
Denmark Solar,1,PSO,0,58.53036363116904
Denmark Solar,1,PSO,1,56.76281002172549
Denmark Solar,1,PSO,2,56.76281002172549
Denmark Solar,1,PSO,3,56.76281002172549
Denmark Solar,1,PSO,4,56.00331105934162
Denmark Solar,1,PSO,5,56.00331105934162
Denmark Solar,1,PSO,6,46.738971898626794
Denmark Solar,1,PSO,7,46.738971898626794
Denmark Solar,1,PSO,8,46.738971898626794
Denmark Solar,1,PSO,9,46.738971898626794
Denmark Solar,1,PSO,10,45.76533426418406
Denmark Solar,1,PSO,11,45.20593746651608
Denmark Solar,1,PSO,12,43.907395447691954
Denmark Solar,1,PSO,13,43.62407099655533
Denmark Solar,1,PSO,14,43.57663614568519
Denmark Solar,1,PSO,15,43.50566257145442
Denmark Solar,1,CCO,0,58.53036363116904
Denmark Solar,1,CCO,1,49.036358481488
Denmark Solar,1,CCO,2,49.036358481488
Denmark Solar,1,CCO,3,49.036358481488
Denmark Solar,1,CCO,4,49.036358481488
Denmark Solar,1,CCO,5,49.036358481488
Denmark Solar,1,CCO,6,49.036358481488
Denmark Solar,1,CCO,7,49.036358481488
Denmark Solar,1,CCO,8,48.428726523979286
Denmark Solar,1,CCO,9,48.21790190845227
Denmark Solar,1,CCO,10,47.07078643433605
Denmark Solar,1,CCO,11,47.07078643433605
Denmark Solar,1,CCO,12,47.07078643433605
Denmark Solar,1,CCO,13,45.59258266154704
Denmark Solar,1,CCO,14,41.241579988185165
Denmark Solar,1,CCO,15,41.241579988185165
Denmark Solar,2,GA,0,66.53717608060361
Denmark Solar,2,GA,1,44.940401071168694
Denmark Solar,2,GA,2,44.940401071168694
Denmark Solar,2,GA,3,44.940401071168694
Denmark Solar,2,GA,4,44.940401071168694
Denmark Solar,2,GA,5,44.940401071168694
Denmark Solar,2,GA,6,42.50354563564741
Denmark Solar,2,GA,7,42.50354563564741
Denmark Solar,2,GA,8,42.50354563564741
Denmark Solar,2,GA,9,42.50354563564741
Denmark Solar,2,GA,10,42.50354563564741
Denmark Solar,2,GA,11,42.36206505429194
Denmark Solar,2,GA,12,42.36206505429194
Denmark Solar,2,GA,13,42.36206505429194
Denmark Solar,2,GA,14,42.36206505429194
Denmark Solar,2,GA,15,42.36206505429194
Denmark Solar,2,PSO,0,71.58236623813158
Denmark Solar,2,PSO,1,71.58236623813158
Denmark Solar,2,PSO,2,62.90260561350976
Denmark Solar,2,PSO,3,61.73773639924876
Denmark Solar,2,PSO,4,54.439062926042595
Denmark Solar,2,PSO,5,54.439062926042595
Denmark Solar,2,PSO,6,54.439062926042595
Denmark Solar,2,PSO,7,54.439062926042595
Denmark Solar,2,PSO,8,54.439062926042595
Denmark Solar,2,PSO,9,54.439062926042595
Denmark Solar,2,PSO,10,54.439062926042595
Denmark Solar,2,PSO,11,53.61123302667665
Denmark Solar,2,PSO,12,53.61123302667665
Denmark Solar,2,PSO,13,53.61123302667665
Denmark Solar,2,PSO,14,53.61123302667665
Denmark Solar,2,PSO,15,53.61123302667665
Denmark Solar,2,CCO,0,71.58236623813158
Denmark Solar,2,CCO,1,71.58236623813158
Denmark Solar,2,CCO,2,70.24418556342404
Denmark Solar,2,CCO,3,62.955257937309135
Denmark Solar,2,CCO,4,62.178613136999324
Denmark Solar,2,CCO,5,60.07499991872139
Denmark Solar,2,CCO,6,54.461163323481024
Denmark Solar,2,CCO,7,54.461163323481024
Denmark Solar,2,CCO,8,54.461163323481024
Denmark Solar,2,CCO,9,54.461163323481024
Denmark Solar,2,CCO,10,50.696332846296684
Denmark Solar,2,CCO,11,50.696332846296684
Denmark Solar,2,CCO,12,50.696332846296684
Denmark Solar,2,CCO,13,50.696332846296684
Denmark Solar,2,CCO,14,50.696332846296684
Denmark Solar,2,CCO,15,50.696332846296684
Denmark Solar,3,GA,0,66.57939559630104
Denmark Solar,3,GA,1,66.57939559630104
Denmark Solar,3,GA,2,52.554900609981175
Denmark Solar,3,GA,3,52.554900609981175
Denmark Solar,3,GA,4,52.554900609981175
Denmark Solar,3,GA,5,52.554900609981175
Denmark Solar,3,GA,6,52.554900609981175
Denmark Solar,3,GA,7,52.554900609981175
Denmark Solar,3,GA,8,52.554900609981175
Denmark Solar,3,GA,9,52.554900609981175
Denmark Solar,3,GA,10,50.41087044849553
Denmark Solar,3,GA,11,47.336318517405324
Denmark Solar,3,GA,12,47.336318517405324
Denmark Solar,3,GA,13,47.336318517405324
Denmark Solar,3,GA,14,47.336318517405324
Denmark Solar,3,GA,15,47.336318517405324
Denmark Solar,3,PSO,0,66.49134988383827
Denmark Solar,3,PSO,1,64.62847548681619
Denmark Solar,3,PSO,2,56.61284016788947
Denmark Solar,3,PSO,3,55.932397637404655
Denmark Solar,3,PSO,4,55.932397637404655
Denmark Solar,3,PSO,5,52.92265693620739
Denmark Solar,3,PSO,6,52.92265693620739
Denmark Solar,3,PSO,7,52.92265693620739
Denmark Solar,3,PSO,8,52.92265693620739
Denmark Solar,3,PSO,9,49.079037817840316
Denmark Solar,3,PSO,10,49.079037817840316
Denmark Solar,3,PSO,11,49.079037817840316
Denmark Solar,3,PSO,12,49.079037817840316
Denmark Solar,3,PSO,13,49.079037817840316
Denmark Solar,3,PSO,14,49.079037817840316
Denmark Solar,3,PSO,15,49.079037817840316
Denmark Solar,3,CCO,0,66.49134988383827
Denmark Solar,3,CCO,1,66.49134988383827
Denmark Solar,3,CCO,2,66.49134988383827
Denmark Solar,3,CCO,3,64.23367755337732
Denmark Solar,3,CCO,4,60.23614013302147
Denmark Solar,3,CCO,5,60.23614013302147
Denmark Solar,3,CCO,6,60.23614013302147
Denmark Solar,3,CCO,7,60.23614013302147
Denmark Solar,3,CCO,8,55.55234018473029
Denmark Solar,3,CCO,9,53.24750122511619
Denmark Solar,3,CCO,10,53.2431613309693
Denmark Solar,3,CCO,11,46.86019297385442
Denmark Solar,3,CCO,12,46.86019297385442
Denmark Solar,3,CCO,13,45.07175810755833
Denmark Solar,3,CCO,14,44.81638428946773
Denmark Solar,3,CCO,15,44.81638428946773
